Plate;Row;Column;Phenotypes.ExperimentGrowthYield;Phenotypes.GenerationTime;Phenotypes.ExperimentPopulationDoublings;Phenotypes.ExperimentBaseLine;Phenotypes.ColonySize48h
2;0;0;-0.698842485;0.193399294;-0.397945565;0.1997559;-0.228661701
2;0;1;-0.917981704;0.229401195;-0.404339576;-0.006222998;-0.397528285
2;0;2;-0.940050594;0.206342422;-0.383229393;-0.071877989;-0.451712926
2;0;3;-0.714332339;0.290175471;-0.342070068;0.114314733;-0.532958723
2;0;4;-0.843998502;0.208305395;-0.365446033;0.03644744;-0.608908224
2;0;5;-0.689920191;0.249414354;-0.295073673;0.052065037;-0.855273675
2;0;6;-0.886314727;0.280769607;-0.327648856;-0.068891431;-1.027794239
2;0;7;-0.596657423;0.405071577;-0.273183783;0.093561802;-0.659112332
2;0;8;-0.499735668;0.304680541;-0.225803677;0.077494822;-0.654992534
2;0;9;-0.751263138;0.329041632;-0.28609552;-0.01167349;-1.004243367
2;0;10;-0.979381188;0.377902906;-0.330736313;-0.133765216;-1.256223461
2;0;11;-1.022265471;0.354252212;-0.361539626;-0.104297991;-1.117857981
2;0;12;-0.945847049;0.232187095;-0.319943389;-0.125192245;-1.151766432
2;0;13;-0.724031712;0.296238261;-0.294511631;0.038746972;-0.785868305
2;0;14;NoGrowth;NoGrowth;NoGrowth;NoGrowth;NoGrowth
2;0;15;NoGrowth;NoGrowth;NoGrowth;NoGrowth;NoGrowth
2;0;16;-0.897004568;0.361265959;-0.377918215;0.044546819;-0.547683882
2;0;17;-1.430192165;0.438382118;-0.462343549;-0.245408764;-1.366760519
2;0;18;-1.416894025;0.421363262;-0.439243624;-0.285009581;-1.441728531
2;0;19;-0.953817005;0.289125211;-0.342956497;-0.048027536;-0.929531617
2;0;20;-1.315872637;0.321331722;-0.445916476;-0.167627472;-1.132529119
2;0;21;-1.00420105;0.270837319;-0.360663598;-0.051029498;-0.883679611
2;0;22;NoGrowth;NoGrowth;NoGrowth;NoGrowth;NoGrowth
2;0;23;NoGrowth;NoGrowth;NoGrowth;NoGrowth;NoGrowth
2;0;24;-1.397010373;0.33961137;-0.481835583;-0.161602237;-1.04064136
2;0;25;-1.085446282;0.272627784;-0.429115429;-0.016727432;-0.719473747
2;0;26;-1.708291991;0.362772555;-0.609863244;-0.251174108;-0.955612001
2;0;27;-1.671862808;0.370311018;-0.558830251;-0.243338525;-1.297679641
2;0;28;-1.346413938;0.265035445;-0.424648647;-0.225102343;-1.257207007
2;0;29;-1.248932619;0.266127842;-0.553695529;0.154055283;-0.787518222
2;0;30;NoGrowth;NoGrowth;NoGrowth;NoGrowth;NoGrowth
2;0;31;NoGrowth;NoGrowth;NoGrowth;NoGrowth;NoGrowth
2;0;32;-1.13551481;0.181890712;-0.380145377;-0.171395567;-0.79383364
2;0;33;-0.79942884;0.151741302;-0.261667203;-0.1161106;-0.661473228
2;0;34;-1.103872994;0.220410247;-0.371475728;-0.159761208;-0.773230717
2;0;35;-0.89343377;0.230211405;-0.311563263;-0.080035504;-0.683772393
2;0;36;-1.302748448;0.261701464;-0.4530999;-0.159964362;-0.823370791
2;0;37;-1.353637608;0.233991274;-0.458930158;-0.18502527;-0.879332091
2;0;38;-1.57409347;0.279316905;-0.559591573;-0.182553382;-0.91262562
2;0;39;-1.219973867;0.17932101;-0.373918284;-0.273666652;-0.811753668
2;0;40;-2.586141599;0.655505113;-0.997618048;-0.381999199;-0.961916221
2;0;41;-1.960306962;0.382911623;-0.739346487;-0.24579098;-0.735010974
2;0;42;-1.761874501;0.279422692;-0.626985856;-0.272064168;-0.786640205
2;0;43;-1.434446297;0.156719325;-0.500244455;-0.253174103;-0.602142748
2;0;44;-1.308455367;0.022718559;-0.38927708;-0.36558887;-0.709624506
2;0;45;-0.962178697;-0.010239286;-0.336458732;-0.172127224;-0.368946365
2;0;46;-1.655470193;0.078238256;-0.653388366;-0.2231119;-0.429069797
2;0;47;-0.564415023;0.254267336;-0.413845213;0.318286808;0.243711885
2;1;0;-0.262345949;0.236391962;-0.213943632;0.241328764;-0.024187586
2;1;1;0;0;0;0;0
2;1;2;-1.090868731;0.245874241;-0.382980416;-0.196936012;-0.680595858
2;1;3;0;0;0;0;0
2;1;4;-1.083839799;0.225451405;-0.373048399;-0.168982578;-1.013241362
2;1;5;0;0;0;0;0
2;1;6;-1.093262162;0.331782772;-0.354706671;-0.215583614;-1.097470319
2;1;7;0;0;0;0;0
2;1;8;-0.98265364;0.341105506;-0.32148409;-0.165161169;-1.077870937
2;1;9;0;0;0;0;0
2;1;10;-1.143342752;0.40442443;-0.347308142;-0.258247672;-1.275748781
2;1;11;0;0;0;0;0
2;1;12;-1.171120971;0.379726655;-0.372010958;-0.22607077;-1.135309065
2;1;13;0;0;0;0;0
2;1;14;NoGrowth;NoGrowth;NoGrowth;NoGrowth;NoGrowth
2;1;15;0;0;0;0;0
2;1;16;-1.347597935;0.407052125;-0.452136017;-0.195955515;-1.07113229
2;1;17;0;0;0;0;0
2;1;18;-1.295727891;0.339196084;-0.397213504;-0.260702918;-1.290523454
2;1;19;0;0;0;0;0
2;1;20;-1.079471108;0.219408614;-0.38380761;-0.075500919;-0.880833848
2;1;21;0;0;0;0;0
2;1;22;NoGrowth;NoGrowth;NoGrowth;NoGrowth;NoGrowth
2;1;23;0;0;0;0;0
2;1;24;-1.116518948;0.153421846;-0.381577051;-0.138676189;-0.816691215
2;1;25;0;0;0;0;0
2;1;26;-1.425276153;0.3911624;-0.493542449;-0.171300947;-0.965270897
2;1;27;0;0;0;0;0
2;1;28;-1.243207307;0.220407783;-0.425375391;-0.120733433;-1.05472462
2;1;29;0;0;0;0;0
2;1;30;NoGrowth;NoGrowth;NoGrowth;NoGrowth;NoGrowth
2;1;31;0;0;0;0;0
2;1;32;-1.002549419;0.190782076;-0.340109082;-0.099762923;-0.808086823
2;1;33;0;0;0;0;0
2;1;34;-0.96204794;0.210557671;-0.379963995;-0.001812184;-0.543510774
2;1;35;0;0;0;0;0
2;1;36;-1.127201606;0.272689572;-0.418510282;-0.050798641;-0.697712637
2;1;37;0;0;0;0;0
2;1;38;-0.876778427;0.130394695;-0.332824527;-0.016177866;-0.543317361
2;1;39;0;0;0;0;0
2;1;40;-1.659798454;0.649006571;-0.688272644;-0.040360115;-0.507618581
2;1;41;0;0;0;0;0
2;1;42;-0.586673046;0.114078751;-0.21572811;-0.028928101;-0.302068999
2;1;43;0;0;0;0;0
2;1;44;-0.339229355;0.010953798;-0.128032645;-0.015118001;-0.185539263
2;1;45;0;0;0;0;0
2;1;46;-0.519342321;-0.001410085;-0.195921074;-0.056991395;-0.14516142
2;1;47;0;0;0;0;0
2;2;0;-0.196318801;0.153756273;-0.170067781;0.208226183;0.043222554
2;2;1;-0.273529577;0.004013505;-0.11435767;0.005588604;-0.169601408
2;2;2;-1.277570687;0.385559278;-0.455002588;-0.242842088;-0.754650457
2;2;3;-0.960619642;0.325109703;-0.317730621;-0.20187925;-0.791907396
2;2;4;-1.148126793;0.272622452;-0.357078439;-0.297931045;-1.073796261
2;2;5;-1.008540325;0.249514941;-0.310704172;-0.245290191;-1.062349491
2;2;6;-0.542831132;0.288433999;-0.179602276;-0.089265672;-0.580546484
2;2;7;-0.69703485;0.342547635;-0.230217054;-0.117958437;-0.758808991
2;2;8;-1.987277267;1.111543096;-0.855811712;-0.104247497;-1.03305784
2;2;9;-2.0985368;1.127398632;-0.857793627;-0.185828462;-1.228290137
2;2;10;-0.919728201;0.428322131;-0.298738327;-0.160254033;-0.97955348
2;2;11;-0.86742569;0.340916772;-0.291042556;-0.121053916;-0.944491051
2;2;12;-0.8993513;0.283867421;-0.331116854;-0.059047812;-0.85660941
2;2;13;-0.929818331;0.343104384;-0.322136178;-0.113014387;-0.826055422
2;2;14;-0.664095984;0.231437238;-0.275939908;0.024135599;-0.502952955
2;2;15;-0.757702423;0.229223365;-0.262439188;-0.091837801;-0.696526308
2;2;16;-1.391909464;0.540457687;-0.526579051;-0.128873037;-0.875221261
2;2;17;-1.291156458;0.516650505;-0.460430455;-0.128297427;-0.92941923
2;2;18;-0.873306533;0.239949025;-0.294049474;-0.094303309;-0.748971638
2;2;19;-0.983960982;0.187742369;-0.317119052;-0.160827566;-0.811700914
2;2;20;-1.832111857;0.646382592;-0.69414788;-0.179395426;-0.992032172
2;2;21;-1.886809441;0.666721734;-0.708372117;-0.193304833;-1.044339989
2;2;22;-1.239702129;0.296677746;-0.405090967;-0.19126593;-0.97167386
2;2;23;-1.095913996;0.155763988;-0.322222689;-0.249746852;-0.898147197
2;2;24;-0.847054582;0.204070383;-0.236796364;-0.218932237;-0.821928021
2;2;25;-0.62855041;0.23780435;-0.251253588;0.020134964;-0.501139237
2;2;26;-1.247217613;0.29027098;-0.368486795;-0.291834559;-1.105440314
2;2;27;-1.145391074;0.180986241;-0.356687281;-0.205086256;-1.002011053
2;2;28;-0.724529879;-0.01890691;-0.200120323;-0.172800158;-0.862750276
2;2;29;-0.533296373;-0.022677574;-0.145305872;-0.127285305;-0.69877242
2;2;30;-1.210542936;0.279955734;-0.413523526;-0.147530623;-0.985677216
2;2;31;-0.799947592;0.05287811;-0.255526026;-0.10556028;-0.778869146
2;2;32;-0.842933327;0.192050578;-0.291160626;-0.081141431;-0.691203447
2;2;33;-0.601205534;0.065826119;-0.22992814;0.000597817;-0.461150763
2;2;34;-0.533157404;0.10447042;-0.168990459;-0.090153387;-0.475009405
2;2;35;-0.483882754;0.062513427;-0.160641266;-0.052537693;-0.44889691
2;2;36;-0.758977618;0.129865478;-0.231761741;-0.143950392;-0.615714102
2;2;37;-0.707317809;0.130092473;-0.239128363;-0.071169086;-0.548422116
2;2;38;-1.376991823;0.262796409;-0.491330094;-0.158535694;-0.835435556
2;2;39;-1.155902283;0.274965616;-0.43425025;-0.052065187;-0.788889475
2;2;40;NoGrowth;NoGrowth;NoGrowth;NoGrowth;NoGrowth
2;2;41;NoGrowth;NoGrowth;NoGrowth;NoGrowth;NoGrowth
2;2;42;-0.593127288;0.072170866;-0.241077014;0.051372504;-0.456815686
2;2;43;-0.586925681;0.069810353;-0.20877725;-0.028201751;-0.471864657
2;2;44;-0.764161115;0.062752314;-0.247529227;-0.110740367;-0.553614212
2;2;45;-0.84741745;0.054674293;-0.331612171;0.012023041;-0.383656595
2;2;46;-0.476756111;0.071318745;-0.201408155;0.060198839;-0.187232653
2;2;47;-0.320215352;0.101939586;-0.190064793;0.13454868;0.063217006
2;3;0;0.3167121;0.018540672;0.02317148;0.261178213;0.299908365
2;3;1;0;0;0;0;0
2;3;2;-0.523340654;0.270042419;-0.198004647;-0.049732953;-0.42777908
2;3;3;0;0;0;0;0
2;3;4;-0.815395884;0.339197014;-0.26502492;-0.188648128;-0.851398842
2;3;5;0;0;0;0;0
2;3;6;-0.589989032;0.280788208;-0.190893095;-0.120370344;-0.687519983
2;3;7;0;0;0;0;0
2;3;8;-1.472215314;0.882989787;-0.617869983;-0.053599928;-0.867102646
2;3;9;0;0;0;0;0
2;3;10;-0.649070648;0.356247821;-0.194238106;-0.149136121;-0.820223707
2;3;11;0;0;0;0;0
2;3;12;-0.500511299;0.224545702;-0.173892438;-0.044521627;-0.577023104
2;3;13;0;0;0;0;0
2;3;14;-0.522007052;0.235321499;-0.162765657;-0.102279463;-0.588415463
2;3;15;0;0;0;0;0
2;3;16;-0.651182661;0.209320591;-0.175263707;-0.198908888;-0.857097181
2;3;17;0;0;0;0;0
2;3;18;-0.516555353;0.086881503;-0.169662485;-0.079495276;-0.55713782
2;3;19;0;0;0;0;0
2;3;20;-1.556813765;0.542582215;-0.575866738;-0.182550181;-0.952158686
2;3;21;0;0;0;0;0
2;3;22;-1.068070029;0.235368148;-0.343008337;-0.19622461;-0.922688273
2;3;23;0;0;0;0;0
2;3;24;-0.318565686;0.060309311;-0.050740069;-0.187290249;-0.484535197
2;3;25;0;0;0;0;0
2;3;26;-0.591991498;0.084568293;-0.144108113;-0.218445687;-0.724485201
2;3;27;0;0;0;0;0
2;3;28;-0.176652912;-0.063178908;-0.004903175;-0.161327275;-0.410094061
2;3;29;0;0;0;0;0
2;3;30;-0.522709596;0.062876158;-0.153551865;-0.112529113;-0.6079948
2;3;31;0;0;0;0;0
2;3;32;-0.78351533;0.156878635;-0.24671518;-0.147553961;-0.773577307
2;3;33;0;0;0;0;0
2;3;34;-0.32692978;0.026626141;-0.094533103;-0.075768314;-0.360588154
2;3;35;0;0;0;0;0
2;3;36;-0.263206851;0.026314733;-0.081461246;-0.044444123;-0.255082508
2;3;37;0;0;0;0;0
2;3;38;-1.039305755;0.226843651;-0.365014461;-0.10324145;-0.753281072
2;3;39;0;0;0;0;0
2;3;40;NoGrowth;NoGrowth;NoGrowth;NoGrowth;NoGrowth
2;3;41;0;0;0;0;0
2;3;42;-0.419365849;0.120369497;-0.15156496;-0.001365329;-0.406386831
2;3;43;0;0;0;0;0
2;3;44;-0.391453422;0.007452748;-0.136643984;-0.0278863;-0.341508712
2;3;45;0;0;0;0;0
2;3;46;-0.730934673;0.056790284;-0.283743216;0.027192859;-0.348262011
2;3;47;0;0;0;0;0
2;4;0;0.635966283;0.065417127;0.082434437;0.435466413;0.731437739
2;4;1;0.029196355;0.047192706;-0.005759298;0.043249152;-0.056517701
2;4;2;-0.830894016;0.308193834;-0.270025848;-0.192929052;-0.830538367
2;4;3;-0.635356113;0.396338334;-0.193131621;-0.163484577;-0.690890601
2;4;4;-0.438476739;0.205769235;-0.144142547;-0.070460979;-0.536457167
2;4;5;-0.144431613;0.040914113;-0.061773984;0.024920535;-0.246512056
2;4;6;-0.662901202;0.205894382;-0.220346085;-0.10544944;-0.630424668
2;4;7;-0.706859033;0.161600665;-0.245543178;-0.085607575;-0.671657784
2;4;8;-1.71459594;0.993631046;-0.771736069;0.021816033;-1.123363946
2;4;9;-1.62856812;0.849448512;-0.648746562;-0.111358549;-1.185691314
2;4;10;-0.064532347;-0.01544493;0.001045981;-0.066223462;-0.145221033
2;4;11;0.14556677;0.040200783;0.046870846;0.01561231;0.141232987
2;4;12;-0.301532693;0.050604123;-0.124077825;0.024958874;-0.362214755
2;4;13;-0.165396055;0.056196616;-0.057852106;-0.005146567;-0.234289616
2;4;14;-0.481991544;0.188975085;-0.174756561;-0.029812168;-0.62238101
2;4;15;-0.516455942;0.24335147;-0.168074739;-0.07622741;-0.697065946
2;4;16;-0.748999213;0.284223982;-0.211392507;-0.19052896;-1.012725262
2;4;17;-0.624403388;0.299149995;-0.222643717;-0.034093194;-0.787452119
2;4;18;NoGrowth;NoGrowth;NoGrowth;NoGrowth;NoGrowth
2;4;19;NoGrowth;NoGrowth;NoGrowth;NoGrowth;NoGrowth
2;4;20;-1.344815172;0.420870235;-0.485481511;-0.127572697;-1.217580821
2;4;21;-1.057385666;0.366459269;-0.37782896;-0.09423731;-1.01291735
2;4;22;-0.816509878;0.229142731;-0.26487353;-0.13036013;-0.917342925
2;4;23;-0.322012454;0.121092713;-0.090890244;-0.086823139;-0.49394121
2;4;24;-0.18507234;0.157166733;-0.030371925;-0.111152988;-0.36834876
2;4;25;-0.490077081;0.220963642;-0.104079672;-0.231690418;-0.637787105
2;4;26;-1.613529593;0.685306156;-0.614933195;-0.177671607;-1.095964792
2;4;27;-1.27301111;0.4853981;-0.462787296;-0.139825992;-0.984461486
2;4;28;-1.06552054;0.302439449;-0.367501674;-0.127104825;-1.023159553
2;4;29;-1.094850998;0.398217223;-0.381540443;-0.117124638;-1.034776176
2;4;30;-0.72682982;0.237186084;-0.277696716;-0.003387651;-0.846067047
2;4;31;-0.421471229;0.094373541;-0.127035099;-0.082952045;-0.599280488
2;4;32;-0.807620318;0.270967468;-0.263117146;-0.129222967;-0.88732129
2;4;33;-0.549395055;0.141569595;-0.167983883;-0.118580133;-0.630783682
2;4;34;-0.679246524;0.207525867;-0.249429323;-0.03619042;-0.651368819
2;4;35;-0.628185255;0.158390579;-0.220462992;-0.036699457;-0.654225782
2;4;36;NoGrowth;NoGrowth;NoGrowth;NoGrowth;NoGrowth
2;4;37;NoGrowth;NoGrowth;NoGrowth;NoGrowth;NoGrowth
2;4;38;-0.351188036;0.04156043;-0.116106395;-0.032107814;-0.419594479
2;4;39;-0.54500306;0.155237518;-0.187786962;-0.029297762;-0.635570643
2;4;40;-0.574388764;0.327180837;-0.2952011;0.221924079;-0.525151034
2;4;41;-0.345993685;0.186946941;-0.119716238;-0.007529895;-0.424208568
2;4;42;-0.582449433;0.225700872;-0.241496891;0.074946539;-0.589939343
2;4;43;-0.673478048;0.174691124;-0.243487468;-0.02536738;-0.660157203
2;4;44;-0.774247074;0.119268568;-0.302091596;0.014811822;-0.645009714
2;4;45;-0.705812051;0.098603506;-0.30892796;0.106086382;-0.403583307
2;4;46;NoGrowth;NoGrowth;NoGrowth;NoGrowth;NoGrowth
2;4;47;NoGrowth;NoGrowth;NoGrowth;NoGrowth;NoGrowth
2;5;0;0.296546209;-0.003331728;0.051254098;0.168126413;0.188304845
2;5;1;0;0;0;0;0
2;5;2;-0.329193532;0.190060709;-0.089506044;-0.109063225;-0.368669552
2;5;3;0;0;0;0;0
2;5;4;-0.260856048;-0.016617731;-0.093591977;-0.0202167;-0.29338404
2;5;5;0;0;0;0;0
2;5;6;-0.499418738;0.088893254;-0.172395651;-0.057872023;-0.435566901
2;5;7;0;0;0;0;0
2;5;8;-1.222468117;0.596153054;-0.500257183;-0.008999121;-0.869163588
2;5;9;0;0;0;0;0
2;5;10;-0.073079474;0.051416436;0.007342723;-0.091105586;-0.109718621
2;5;11;0;0;0;0;0
2;5;12;-0.180838804;0.028616394;-0.068383323;0.00366296;-0.213794311
2;5;13;0;0;0;0;0
2;5;14;-0.21795088;-0.052929165;-0.057960249;-0.061518921;-0.315009882
2;5;15;0;0;0;0;0
2;5;16;-0.69141653;0.234512844;-0.203687302;-0.142287841;-0.950516335
2;5;17;0;0;0;0;0
2;5;18;NoGrowth;NoGrowth;NoGrowth;NoGrowth;NoGrowth
2;5;19;0;0;0;0;0
2;5;20;-1.288635588;0.357544304;-0.435407432;-0.166430341;-1.337739477
2;5;21;0;0;0;0;0
2;5;22;-0.658057198;0.332719299;-0.21986793;-0.072941188;-0.827686998
2;5;23;0;0;0;0;0
2;5;24;-0.283530547;0.199006118;-0.077314887;-0.074695305;-0.453811263
2;5;25;0;0;0;0;0
2;5;26;-0.795794095;0.55767657;-0.307226166;-0.024047346;-0.532849905
2;5;27;0;0;0;0;0
2;5;28;-0.842343844;0.370158284;-0.285100493;-0.087855224;-0.837104426
2;5;29;0;0;0;0;0
2;5;30;-0.482428468;0.054083743;-0.15119339;-0.068956557;-0.574507067
2;5;31;0;0;0;0;0
2;5;32;-0.43261215;0.169113013;-0.12309033;-0.098859297;-0.579744816
2;5;33;0;0;0;0;0
2;5;34;-0.484279451;0.15453888;-0.162696384;-0.037850359;-0.541537017
2;5;35;0;0;0;0;0
2;5;36;NoGrowth;NoGrowth;NoGrowth;NoGrowth;NoGrowth
2;5;37;0;0;0;0;0
2;5;38;-0.490529612;0.068172464;-0.156370488;-0.070997682;-0.595220015
2;5;39;0;0;0;0;0
2;5;40;-0.657522178;0.258720869;-0.204566035;-0.09682317;-0.806378027
2;5;41;0;0;0;0;0
2;5;42;-0.6183735;0.240467453;-0.188441495;-0.097506723;-0.752717045
2;5;43;0;0;0;0;0
2;5;44;-0.376238213;0.120813731;-0.146494991;0.021246982;-0.360590442
2;5;45;0;0;0;0;0
2;5;46;NoGrowth;NoGrowth;NoGrowth;NoGrowth;NoGrowth
2;5;47;0;0;0;0;0
2;6;0;-0.189725963;0.207372739;-0.096224883;0.042657656;-0.269957473
2;6;1;-0.579762496;0.264668283;-0.20110078;-0.089432375;-0.565949228
2;6;2;-0.273481636;0.189904834;-0.095471963;-0.035008287;-0.248508526
2;6;3;-0.255339812;0.006502839;-0.064369995;-0.095325188;-0.296978729
2;6;4;-0.557947386;0.065195195;-0.173970615;-0.121982228;-0.620244224
2;6;5;-0.505073571;0.105470154;-0.153896752;-0.115365442;-0.526745573
2;6;6;-0.47355024;0.098337615;-0.143252258;-0.108024995;-0.544106674
2;6;7;-0.339218043;0.068523272;-0.091042321;-0.100004675;-0.365423492
2;6;8;-0.274439093;0.123615773;-0.103376906;0.000815406;-0.284451154
2;6;9;-0.243929512;0.082598755;-0.078044727;-0.034393595;-0.232912637
2;6;10;-1.279412124;0.420294978;-0.479530107;-0.097507037;-1.231917729
2;6;11;-1.028490549;0.373559619;-0.412642721;0.002892877;-0.980385049
2;6;12;-0.284805037;0.095736908;-0.082553188;-0.060497599;-0.226611034
2;6;13;-0.436587488;0.146428363;-0.146382202;-0.048902103;-0.402227718
2;6;14;-0.189580404;0.035295312;-0.095562041;0.067664326;-0.18395469
2;6;15;-0.406448197;-0.001609786;-0.134560579;-0.038787392;-0.504748634
2;6;16;-0.518788908;0.041875795;-0.185308822;-0.01455562;-0.665566235
2;6;17;-0.921421832;0.264795745;-0.29445187;-0.135121914;-1.176328056
2;6;18;-0.4363439;-0.094422839;-0.122917256;-0.091261217;-0.749255352
2;6;19;-0.08317811;-0.139243361;-0.022117559;-0.020407191;-0.309496973
2;6;20;-0.760405756;0.213710755;-0.250285282;-0.084433197;-0.940321872
2;6;21;-0.48078433;0.095890885;-0.156396741;-0.052294455;-0.643229105
2;6;22;-0.486758577;0.095988473;-0.161876506;-0.04450994;-0.605871237
2;6;23;-0.415708008;0.085674706;-0.146528438;-0.00618057;-0.471920385
2;6;24;-1.64072728;0.992854698;-0.66534359;-0.025398503;-0.903673375
2;6;25;-1.748427845;0.858284181;-0.683389028;-0.123416877;-0.930386828
2;6;26;-1.198715159;0.655405847;-0.439646397;-0.090595175;-0.997932606
2;6;27;-1.001089829;0.688991802;-0.411929602;0.01733081;-0.727243901
2;6;28;-0.151522423;-0.039622873;-0.060167426;0.014817489;-0.231543187
2;6;29;-0.50897524;0.065574922;-0.143558209;-0.11517214;-0.641527614
2;6;30;-0.19825275;0.015841833;-0.095948869;0.065684146;-0.263752926
2;6;31;-0.288129147;0.043931543;-0.089513471;-0.038646834;-0.351612419
2;6;32;-0.324758335;0.052422936;-0.101201172;-0.03701313;-0.402652995
2;6;33;-0.359861693;0.015873561;-0.108663949;-0.048108827;-0.484842705
2;6;34;-1.000599763;0.379044974;-0.419051476;0.092107535;-0.984938563
2;6;35;-1.22339746;0.430213661;-0.455231659;-0.037418617;-1.204617781
2;6;36;NoGrowth;NoGrowth;NoGrowth;NoGrowth;NoGrowth
2;6;37;NoGrowth;NoGrowth;NoGrowth;NoGrowth;NoGrowth
2;6;38;-0.680570258;0.258687456;-0.244752454;-0.031870399;-0.75576284
2;6;39;-0.610118121;0.29426166;-0.22834413;0.012703904;-0.749855528
2;6;40;-0.637740507;0.345699811;-0.242466451;0.022903546;-0.718205761
2;6;41;-0.385700893;0.266890924;-0.144857378;0.016841953;-0.413308613
2;6;42;-0.285742742;0.270879989;-0.11171038;0.032208604;-0.327422828
2;6;43;-0.478700797;0.255452432;-0.174382191;0.004778867;-0.561773816
2;6;44;-0.664590699;0.181164144;-0.2192302;-0.065316355;-0.765524683
2;6;45;-0.319874914;0.15106418;-0.14415084;0.085588433;-0.324694464
2;6;46;-2.26165246;0.524981993;-1.014779249;0.018996428;-0.711302318
2;6;47;-1.746022205;0.377827762;-0.856808721;0.138719145;-0.118375545
2;7;0;-0.453436063;0.140443414;-0.141760594;-0.095156169;-0.68026803
2;7;1;0;0;0;0;0
2;7;2;-0.245534338;0.187812283;-0.091792422;-0.01511033;-0.21678663
2;7;3;0;0;0;0;0
2;7;4;-0.418936626;0.113192538;-0.13579175;-0.075236938;-0.485998723
2;7;5;0;0;0;0;0
2;7;6;-0.294474179;0.060027025;-0.091039118;-0.058361541;-0.30046124
2;7;7;0;0;0;0;0
2;7;8;-0.253996411;0.126557732;-0.092895999;-0.005451887;-0.280921528
2;7;9;0;0;0;0;0
2;7;10;-0.887720665;0.460576046;-0.343966328;-0.016805654;-0.830935217
2;7;11;0;0;0;0;0
2;7;12;-0.297635305;0.135992025;-0.112245479;0.012636577;-0.206338264
2;7;13;0;0;0;0;0
2;7;14;-0.205245651;0.131176656;-0.103304529;0.080438073;-0.204536947
2;7;15;0;0;0;0;0
2;7;16;-0.363884751;0.096251492;-0.114149956;-0.045777051;-0.423657578
2;7;17;0;0;0;0;0
2;7;18;-0.041574312;-0.076286981;-0.00505422;-0.026757706;-0.221391076
2;7;19;0;0;0;0;0
2;7;20;-0.306930168;0.008568869;-0.102276485;-0.022427103;-0.414778842
2;7;21;0;0;0;0;0
2;7;22;-0.399593567;0.00837736;-0.131626561;-0.032578486;-0.482599047
2;7;23;0;0;0;0;0
2;7;24;-1.701745127;0.799756238;-0.677806947;-0.036237004;-1.033169703
2;7;25;0;0;0;0;0
2;7;26;-1.030323138;0.430710853;-0.365365272;-0.093783837;-0.883152159
2;7;27;0;0;0;0;0
2;7;28;-0.136261398;-0.017665732;-0.045426336;-0.014481231;-0.170272387
2;7;29;0;0;0;0;0
2;7;30;-0.342360547;0.094170782;-0.094155071;-0.079834504;-0.442552216
2;7;31;0;0;0;0;0
2;7;32;-0.329260352;0.10040761;-0.102920101;-0.037485678;-0.408134059
2;7;33;0;0;0;0;0
2;7;34;-1.052112142;0.287139236;-0.350035745;-0.108341103;-1.132335061
2;7;35;0;0;0;0;0
2;7;36;NoGrowth;NoGrowth;NoGrowth;NoGrowth;NoGrowth
2;7;37;0;0;0;0;0
2;7;38;-0.315028978;0.125008934;-0.119493613;0.020046704;-0.447100749
2;7;39;0;0;0;0;0
2;7;40;-0.502158841;0.324694546;-0.224571706;0.10886936;-0.628888798
2;7;41;0;0;0;0;0
2;7;42;-0.432077521;0.257850635;-0.166230726;0.024038335;-0.509692405
2;7;43;0;0;0;0;0
2;7;44;-0.248877663;0.131956605;-0.086529814;-0.008048524;-0.28003244
2;7;45;0;0;0;0;0
2;7;46;-2.230421792;0.71125919;-0.981408105;0.001241524;-0.802572068
2;7;47;0;0;0;0;0
2;8;0;-1.250859949;0.427308152;-0.449233179;-0.195473117;-1.064416686
2;8;1;-1.040711432;0.318255502;-0.443242189;0.00638213;-0.61741391
2;8;2;-0.285368831;0.159958514;-0.115195388;0.005209024;-0.266760204
2;8;3;-0.071715635;-0.008527749;-0.048894445;0.051766369;-0.070910459
2;8;4;-0.336223476;0.089381355;-0.093612023;-0.095485705;-0.430394676
2;8;5;-0.256415554;0.069344573;-0.060834413;-0.096923441;-0.337387078
2;8;6;-0.236119918;0.086985374;-0.063373266;-0.069972451;-0.300138698
2;8;7;-0.246906014;0.121541531;-0.066232288;-0.07059966;-0.324485213
2;8;8;-0.262482544;0.180838208;-0.096838641;-0.003016765;-0.295462251
2;8;9;-0.289311236;0.100292728;-0.107903107;-0.000549898;-0.321615979
2;8;10;-0.469005972;0.186370255;-0.149366749;-0.066448557;-0.53712401
2;8;11;-0.230140192;0.10672031;-0.08289306;0.000167883;-0.255877926
2;8;12;-0.411317126;0.200992175;-0.147288067;-0.005405321;-0.449383353
2;8;13;-0.222384557;0.14531734;-0.108199345;0.078395657;-0.267204787
2;8;14;-0.453488366;0.158443065;-0.155009469;-0.027378139;-0.493609454
2;8;15;-0.478428567;0.175089117;-0.157723664;-0.03923979;-0.529552329
2;8;16;-0.685042003;0.157237193;-0.221975299;-0.076426207;-0.845900852
2;8;17;-0.295029548;0.027602982;-0.095249906;-0.029907617;-0.386928248
2;8;18;-0.622940842;0.072381328;-0.245029063;0.037639268;-0.78304378
2;8;19;-0.679863298;0.084788197;-0.216511624;-0.091031949;-0.791586104
2;8;20;-0.2095429;0.045080447;-0.067015526;-0.021359395;-0.271515172
2;8;21;-0.266128675;0.019877756;-0.069362822;-0.071666345;-0.328149394
2;8;22;-0.32998815;0.030761254;-0.090556744;-0.078040535;-0.407608665
2;8;23;-0.37610907;0.121922969;-0.099209016;-0.102552507;-0.427075515
2;8;24;-0.573612037;0.100725352;-0.191869616;-0.052220712;-0.480506795
2;8;25;-0.48668255;0.13801419;-0.173225632;-0.014681307;-0.349011462
2;8;26;-0.021203348;0.05466351;-0.014351762;0.023229638;-0.030814764
2;8;27;-0.183558642;0.032541493;-0.064848154;0.000303449;-0.261411715
2;8;28;0.046096064;-0.05326167;-0.01950742;0.104262835;0.049691507
2;8;29;0.002689213;-0.0076539;-0.04714243;0.140992364;-0.005292338
2;8;30;-0.128846272;0.112632218;-0.103417368;0.163782193;-0.178222221
2;8;31;-0.06630134;0.113114143;-0.073398102;0.145594547;-0.152645001
2;8;32;-0.374240025;0.193489521;-0.176747877;0.120912842;-0.403257074
2;8;33;-0.53813856;0.149537678;-0.238465593;0.125152411;-0.528080531
2;8;34;-0.222707432;0.133205116;-0.158727295;0.226167766;-0.145034713
2;8;35;-0.034198462;0.069468079;-0.046056936;0.099223086;0.025486307
2;8;36;-0.310198579;-0.005431814;-0.134954129;0.072720089;-0.400858795
2;8;37;-0.233202807;0.006412247;-0.151264626;0.189983016;-0.249955132
2;8;38;-0.390018365;0.083047844;-0.163131276;0.068798005;-0.545627135
2;8;39;-0.338409706;0.074364313;-0.146951744;0.071855498;-0.451009104
2;8;40;-0.583331718;0.260071629;-0.207938003;-0.015112641;-0.734815183
2;8;41;-0.269463639;0.090642518;-0.10519557;0.021106368;-0.352971442
2;8;42;-0.476576278;0.266550388;-0.153984644;-0.053095884;-0.602828642
2;8;43;-0.032452805;0.060458233;-0.033414349;0.062204269;-0.046824163
2;8;44;-0.555913467;0.320209063;-0.199356002;-0.014369769;-0.355351719
2;8;45;-0.333710947;0.257735917;-0.112036121;-0.023074053;-0.191321964
2;8;46;-2.096119856;0.873512768;-0.86769015;-0.072808479;-0.873797311
2;8;47;-2.231099369;0.935119332;-1.001453656;0.018166315;-0.445824024
2;9;0;-1.187049254;0.390321238;-0.426754067;-0.177602839;-1.077814012
2;9;1;0;0;0;0;0
2;9;2;-0.285482692;0.106017268;-0.112846536;-0.001145825;-0.314442474
2;9;3;0;0;0;0;0
2;9;4;-0.315125283;0.096504223;-0.072808342;-0.125912084;-0.40331441
2;9;5;0;0;0;0;0
2;9;6;-0.247754124;0.068760481;-0.057470726;-0.09680821;-0.302633416
2;9;7;0;0;0;0;0
2;9;8;-0.318783881;0.201754287;-0.112271035;-0.019232429;-0.355773229
2;9;9;0;0;0;0;0
2;9;10;-0.434901586;0.134012793;-0.124028971;-0.09654348;-0.482358985
2;9;11;0;0;0;0;0
2;9;12;-0.279527489;0.078852243;-0.085951131;-0.040949979;-0.332366258
2;9;13;0;0;0;0;0
2;9;14;-0.416717887;0.1867833;-0.147736821;-0.008096852;-0.460769445
2;9;15;0;0;0;0;0
2;9;16;-0.508568124;0.109726256;-0.142811762;-0.110027047;-0.57951413
2;9;17;0;0;0;0;0
2;9;18;-0.518687788;0.20845713;-0.197219867;0.014619734;-0.55807401
2;9;19;0;0;0;0;0
2;9;20;-0.347359815;0.051724111;-0.085415;-0.107278572;-0.421168278
2;9;21;0;0;0;0;0
2;9;22;-0.207789758;-0.0391767;-0.033714916;-0.111994258;-0.241100038
2;9;23;0;0;0;0;0
2;9;24;-0.236147255;0.094353121;-0.068945273;-0.046985672;-0.074844787
2;9;25;0;0;0;0;0
2;9;26;-0.235700803;0.099882746;-0.099069246;0.040555974;-0.237058762
2;9;27;0;0;0;0;0
2;9;28;-0.001558631;-0.028996537;-0.028033756;0.077847087;-0.006180493
2;9;29;0;0;0;0;0
2;9;30;-0.06641775;0.025428824;-0.061066555;0.104927384;-0.072095671
2;9;31;0;0;0;0;0
2;9;32;-0.229445181;0.20887597;-0.190035179;0.31149506;-0.203517994
2;9;33;0;0;0;0;0
2;9;34;-0.059779663;0.095249612;-0.078485614;0.16675439;0.021432138
2;9;35;0;0;0;0;0
2;9;36;-0.17413815;0.010414857;-0.100575562;0.110293919;-0.181356066
2;9;37;0;0;0;0;0
2;9;38;-0.353577492;-0.083696254;-0.118968386;-0.017020249;-0.518221987
2;9;39;0;0;0;0;0
2;9;40;-0.242620849;0.025008706;-0.072581388;-0.039101938;-0.315944721
2;9;41;0;0;0;0;0
2;9;42;-0.170081264;0.068037649;-0.068437075;0.021440709;-0.22865281
2;9;43;0;0;0;0;0
2;9;44;-0.464927556;0.253248393;-0.146112613;-0.066137016;-0.270525488
2;9;45;0;0;0;0;0
2;9;46;-1.878273985;0.788354756;-0.771148436;-0.055424288;-0.819577059
2;9;47;0;0;0;0;0
2;10;0;-0.662444082;0.150725877;-0.133332216;-0.324129672;-1.070576918
2;10;1;-0.329630889;0.031834256;-0.127016418;-0.007483673;-0.365024584
2;10;2;-0.252943326;0.099705673;-0.094626304;-0.011646377;-0.331588648
2;10;3;-0.281605355;0.029415079;-0.090413685;-0.048084844;-0.369976415
2;10;4;-2.009054058;0.750563781;-0.843840645;-0.17081251;-0.994056117
2;10;5;-1.812814918;0.606205045;-0.719023605;-0.194302676;-0.891001064
2;10;6;-0.223571392;0.096859451;-0.074709635;-0.027851814;-0.244202353
2;10;7;-0.2807927;0.182146343;-0.11750344;0.027122314;-0.274018719
2;10;8;-0.432768934;0.237525695;-0.12732503;-0.094161999;-0.470346197
2;10;9;-0.431297945;0.176376875;-0.135827061;-0.065463915;-0.43919903
2;10;10;-0.343899555;0.075541908;-0.097204253;-0.074000638;-0.380633144
2;10;11;-0.193366019;0.009484412;-0.045429409;-0.066123315;-0.190112757
2;10;12;-1.494550263;0.674628016;-0.637236344;0.053178373;-1.314919834
2;10;13;-1.851544476;0.897433227;-0.781692762;0.00077659;-1.570328696
2;10;14;-0.484951795;0.198928385;-0.184227655;0.026920652;-0.511602733
2;10;15;-0.482768844;0.190275629;-0.160469771;-0.035918129;-0.487894692
2;10;16;-0.367945821;0.190407261;-0.14286928;0.030317041;-0.412007546
2;10;17;-0.310975809;0.099055124;-0.088033987;-0.066810868;-0.375232288
2;10;18;-0.460261038;0.21357904;-0.151799961;-0.046294704;-0.443992096
2;10;19;-0.022368932;0.104583862;-0.094014219;0.239151451;0.089527067
2;10;20;-0.111796776;-0.012214476;-0.025007268;-0.035241227;-0.065094222
2;10;21;-0.273776138;0.024862604;-0.067751919;-0.07764276;-0.283682307
2;10;22;-0.116028165;-0.02898023;0.006164915;-0.127180937;-0.158974292
2;10;23;-0.064646643;-0.014256864;-0.013733104;-0.024071755;-0.096068727
2;10;24;0.055300603;-0.035765835;0.031096755;-0.031870833;0.083088075
2;10;25;-0.079259006;0.029978371;-0.031080383;0.006521696;-0.093731504
2;10;26;0.0819566;-0.072491089;0.012000627;0.049644947;0.079197751
2;10;27;0.028249615;-0.014452544;-0.013661842;0.065024309;0.022707294
2;10;28;-0.138634295;-0.008226508;-0.0079028;-0.12709892;-0.15615599
2;10;29;-0.09755942;-0.022658145;0.015163912;-0.148637303;-0.137444691
2;10;30;-0.204946142;0.023172759;-0.042681581;-0.102749308;-0.233742768
2;10;31;-0.119558407;0.087093856;-0.101430434;0.162155735;-0.06436905
2;10;32;-0.131602713;0.080701133;-0.051892126;0.022388835;-0.154844266
2;10;33;0.059830816;-0.021374835;-0.017721657;0.115060572;0.073731231
2;10;34;0.106786201;0.068249239;-0.049026136;0.249562757;0.174141959
2;10;35;-0.04004451;-0.00766242;-0.046295837;0.091822942;-0.052570149
2;10;36;-0.915586672;0.401462383;-0.396072161;0.135910983;-0.656182726
2;10;37;-1.070879293;0.450288157;-0.412401401;0.020341748;-0.799921085
2;10;38;-0.181594774;0.007783912;-0.085949081;0.064147468;-0.2321401
2;10;39;-0.178674089;-0.046837865;-0.058817832;-0.014953124;-0.230979747
2;10;40;-0.335160845;0.076272318;-0.099801927;-0.059634598;-0.413532665
2;10;41;-0.420873435;0.099235094;-0.130141208;-0.062512038;-0.480521555
2;10;42;-0.307661844;0.104258303;-0.103456885;-0.022396409;-0.379298982
2;10;43;-0.018441383;0.023448005;-0.000440085;-0.01814029;-0.041910016
2;10;44;-0.202220394;0.160491372;-0.096758248;0.066590772;-0.224984895
2;10;45;-0.268160609;0.192720543;-0.095452041;-0.006410703;-0.332184396
2;10;46;-0.80344251;0.264083894;-0.310668574;0.021182581;-0.735166245
2;10;47;-0.472940566;-0.078774105;-0.138417661;-0.088441059;-0.617915691
2;11;0;-0.448602167;0.175679386;-0.097912371;-0.197775559;-0.809911811
2;11;1;0;0;0;0;0
2;11;2;-0.286491512;0.162838677;-0.115077407;0.010190688;-0.355825006
2;11;3;0;0;0;0;0
2;11;4;-1.962613761;0.722984959;-0.821178266;-0.145920546;-0.958190623
2;11;5;0;0;0;0;0
2;11;6;-0.357661475;0.114080246;-0.088036216;-0.126191456;-0.43053073
2;11;7;0;0;0;0;0
2;11;8;-0.372607868;0.205738101;-0.116410558;-0.062545167;-0.406072413
2;11;9;0;0;0;0;0
2;11;10;-0.323022283;0.107591445;-0.084291151;-0.090613069;-0.316666393
2;11;11;0;0;0;0;0
2;11;12;-1.847636814;0.798292357;-0.79794906;0.025729823;-1.550469807
2;11;13;0;0;0;0;0
2;11;14;-0.571985002;0.195697979;-0.203023673;-0.01138253;-0.538371666
2;11;15;0;0;0;0;0
2;11;16;-0.28646378;0.07790956;-0.064490711;-0.104493813;-0.36942227
2;11;17;0;0;0;0;0
2;11;18;-0.414528046;0.101765835;-0.134887337;-0.047322694;-0.409274007
2;11;19;0;0;0;0;0
2;11;20;-0.155698028;-0.025852183;-0.043265889;-0.034505201;-0.167058013
2;11;21;0;0;0;0;0
2;11;22;0.034829139;-0.041937558;0.021435285;-0.024036382;0.045436869
2;11;23;0;0;0;0;0
2;11;24;-0.088694225;0.005989655;-0.000129599;-0.089462335;-0.116239837
2;11;25;0;0;0;0;0
2;11;26;0.03915623;-0.038824306;0.007432357;0.02078752;0.017171685
2;11;27;0;0;0;0;0
2;11;28;-0.06252128;-0.118616783;0.04597608;-0.192674025;-0.080975174
2;11;29;0;0;0;0;0
2;11;30;-0.213586934;-0.00922171;-0.012924563;-0.186006426;-0.253401128
2;11;31;0;0;0;0;0
2;11;32;0.008973192;-0.03096777;-0.00535924;0.02967581;-0.00868216
2;11;33;0;0;0;0;0
2;11;34;0.087095701;0.024511818;-0.015248872;0.12971691;0.12716966
2;11;35;0;0;0;0;0
2;11;36;-0.823771082;0.37540303;-0.338698843;0.083727221;-0.546075853
2;11;37;0;0;0;0;0
2;11;38;-0.263612742;-0.044644504;-0.093125527;0.002549042;-0.329257501
2;11;39;0;0;0;0;0
2;11;40;-0.224881113;0.081112362;-0.085876809;0.016236068;-0.299176523
2;11;41;0;0;0;0;0
2;11;42;-0.293019138;0.059236145;-0.093473826;-0.033296516;-0.358017754
2;11;43;0;0;0;0;0
2;11;44;-0.196622768;0.074604112;-0.062117584;-0.017672605;-0.254717901
2;11;45;0;0;0;0;0
2;11;46;-0.451286027;0.186571728;-0.195594624;0.087517376;-0.500725559
2;11;47;0;0;0;0;0
2;12;0;-0.859583204;0.168387088;-0.236909376;-0.27329173;-1.173847712
2;12;1;-0.821524021;0.35272506;-0.309034698;-0.05856085;-0.810732861
2;12;2;-0.57759488;0.251989403;-0.204780228;-0.058173692;-0.696221545
2;12;3;-0.470514476;0.179193012;-0.162420201;-0.052374653;-0.469301292
2;12;4;-0.492497512;0.161840781;-0.134546206;-0.141294181;-0.614003089
2;12;5;-0.369650466;0.150264395;-0.089628569;-0.132869331;-0.47337116
2;12;6;-0.238081957;0.088646504;-0.055327594;-0.090290483;-0.376413733
2;12;7;-0.256407929;0.134733487;-0.045952569;-0.133076253;-0.402200848
2;12;8;-0.307774912;0.132604889;-0.066071501;-0.12552492;-0.383554131
2;12;9;-0.292503103;0.084033177;-0.069234315;-0.101967008;-0.342398313
2;12;10;-0.31597356;0.158616543;-0.078013271;-0.105702076;-0.361510019
2;12;11;-0.080043061;0.086506584;-0.06629313;0.101228931;-0.049508865
2;12;12;-1.164045943;0.713552571;-0.497874089;0.080631826;-0.847451405
2;12;13;-1.227874932;0.670859756;-0.51078146;0.074382076;-0.937041997
2;12;14;-0.350766129;0.149099369;-0.126763914;0.004182383;-0.37371872
2;12;15;-0.299888227;0.119573347;-0.114744785;0.023718338;-0.33984016
2;12;16;-0.292211426;0.116047437;-0.110735172;0.020263593;-0.355232926
2;12;17;-0.252889554;0.041034539;-0.075064598;-0.041582721;-0.333217967
2;12;18;-0.209494282;-0.072341891;-0.078757551;0.012628862;-0.20334127
2;12;19;-0.118326495;-0.005783949;-0.055411622;0.040553322;-0.149466388
2;12;20;-0.157873513;-0.04103513;-0.055152366;-0.001329273;-0.145405332
2;12;21;0.007044071;-0.036677328;0.011847074;-0.026182103;0.01307639
2;12;22;0.068394702;-0.122396855;0.039260496;-0.042669053;0.114092464
2;12;23;0.088818595;-0.097375284;0.056778923;-0.071694197;0.119644071
2;12;24;-0.536015695;0.116205038;-0.14939152;-0.148136078;-0.418814862
2;12;25;-0.653141838;0.164048686;-0.241164428;-0.025441779;-0.512806137
2;12;26;0.344563194;-0.187965877;0.102600606;0.052770241;0.267326772
2;12;27;0.396254812;-0.222439792;0.140253214;-0.005368993;0.300773891
2;12;28;0.045970232;-0.123422936;0.057276279;-0.112142765;0.072369203
2;12;29;-0.03824866;-0.093190992;0.049110048;-0.178236149;-0.035221528
2;12;30;-0.199663131;-0.002731162;-0.0229026;-0.155391777;-0.238464982
2;12;31;-0.070621655;-0.030655314;-0.070832933;0.124112122;-0.056037732
2;12;32;-0.138929925;0.077325494;-0.09090422;0.114063085;-0.137341439
2;12;33;-0.100099406;-0.016497582;-0.052935976;0.046408782;-0.08869424
2;12;34;NoGrowth;NoGrowth;NoGrowth;NoGrowth;NoGrowth
2;12;35;NoGrowth;NoGrowth;NoGrowth;NoGrowth;NoGrowth
2;12;36;-0.159720949;0.081610386;-0.093899479;0.107638942;-0.18509633
2;12;37;-0.107941568;-0.010824877;-0.058408043;0.061471639;-0.132915224
2;12;38;-0.40873429;0.028178648;-0.161602344;0.041184391;-0.468492879
2;12;39;-0.218760409;0.023337846;-0.094564888;0.047212399;-0.279233174
2;12;40;-0.260611789;0.187228572;-0.09847883;0.018765394;-0.354865934
2;12;41;-0.192498686;0.070172876;-0.042075052;-0.070975677;-0.319646384
2;12;42;-0.496636441;0.263309153;-0.189994756;0.022240026;-0.527825645
2;12;43;-0.471379069;0.230228105;-0.181050795;0.016930382;-0.543834521
2;12;44;-0.376096923;0.156733209;-0.120623401;-0.04741001;-0.462964287
2;12;45;-0.493984262;0.142811566;-0.146784477;-0.082097343;-0.611075376
2;12;46;-0.843118654;0.237372384;-0.326294162;0.039060107;-0.777754201
2;12;47;-1.085935585;0.155992648;-0.360818369;-0.117237986;-0.917945906
2;13;0;-0.84120029;0.294793777;-0.252243197;-0.200261082;-1.14215134
2;13;1;0;0;0;0;0
2;13;2;-0.520877016;0.209816709;-0.208112957;0.00927696;-0.493897046
2;13;3;0;0;0;0;0
2;13;4;-0.268571985;0.077127738;-0.096767548;-0.009601455;-0.284021795
2;13;5;0;0;0;0;0
2;13;6;-0.35719396;0.133474893;-0.081005957;-0.139712815;-0.465074429
2;13;7;0;0;0;0;0
2;13;8;-0.286659329;0.147297259;-0.071798578;-0.092046212;-0.33057286
2;13;9;0;0;0;0;0
2;13;10;-0.232309017;0.096099221;-0.074764354;-0.035433949;-0.268101932
2;13;11;0;0;0;0;0
2;13;12;-1.125222528;0.688620666;-0.493526172;0.120831784;-0.795829674
2;13;13;0;0;0;0;0
2;13;14;-0.464220051;0.14376302;-0.153244178;-0.036159515;-0.530457375
2;13;15;0;0;0;0;0
2;13;16;-0.347317398;0.145042459;-0.136976325;0.037209076;-0.40619267
2;13;17;0;0;0;0;0
2;13;18;-0.166158725;-0.059724228;-0.055602991;-0.009346054;-0.181978064
2;13;19;0;0;0;0;0
2;13;20;-0.164463313;-0.019391426;-0.078157762;0.055723951;-0.126561332
2;13;21;0;0;0;0;0
2;13;22;0.145958179;-0.15097182;0.078469557;-0.074955315;0.200069467
2;13;23;0;0;0;0;0
2;13;24;-0.489811969;0.148019019;-0.126421133;-0.158674353;-0.381627774
2;13;25;0;0;0;0;0
2;13;26;0.305584417;-0.213203605;0.116950558;-0.02618841;0.21713069
2;13;27;0;0;0;0;0
2;13;28;0.070526759;-0.11156479;0.054401041;-0.079705575;0.095992685
2;13;29;0;0;0;0;0
2;13;30;-0.11590028;0.05499737;-0.068399955;0.07006392;-0.125205738
2;13;31;0;0;0;0;0
2;13;32;-0.058253448;0.011792452;-0.060203208;0.112861624;-0.051779434
2;13;33;0;0;0;0;0
2;13;34;NoGrowth;NoGrowth;NoGrowth;NoGrowth;NoGrowth
2;13;35;0;0;0;0;0
2;13;36;0.059353921;0.016297389;-0.02190694;0.12226732;0.048639055
2;13;37;0;0;0;0;0
2;13;38;0.089134186;-0.087570507;-0.016232828;0.134154956;0.069128871
2;13;39;0;0;0;0;0
2;13;40;-0.315510809;0.22271238;-0.104208346;-0.029606564;-0.436282665
2;13;41;0;0;0;0;0
2;13;42;-0.411142096;0.25910464;-0.16264599;0.031978483;-0.486586833
2;13;43;0;0;0;0;0
2;13;44;-0.387357195;0.138259437;-0.124037735;-0.059216579;-0.462512352
2;13;45;0;0;0;0;0
2;13;46;-0.63693794;0.118116793;-0.22687013;-0.016945279;-0.579182502
2;13;47;0;0;0;0;0
2;14;0;-0.716769925;0.236776857;-0.215480243;-0.159335683;-1.061503042
2;14;1;-0.416320725;0.172361347;-0.165982264;0.018009011;-0.486027724
2;14;2;-0.524354676;0.147265323;-0.187941343;-0.038886037;-0.601676355
2;14;3;-0.230364207;0.036969949;-0.091938145;0.011919126;-0.269357433
2;14;4;-0.370048969;0.176644067;-0.112852961;-0.071178216;-0.360105052
2;14;5;-0.486444721;0.142171101;-0.121519544;-0.160951241;-0.520768925
2;14;6;-0.758613374;0.195687556;-0.169337277;-0.314227497;-0.867156005
2;14;7;-0.484031247;0.2277446;-0.123667255;-0.149566736;-0.556255556
2;14;8;-0.408838299;0.202270241;-0.11451476;-0.101340198;-0.486388662
2;14;9;-0.368702104;0.1634609;-0.132088357;-0.022488148;-0.408458621
2;14;10;-0.388869226;0.106416121;-0.083683306;-0.168241678;-0.465502974
2;14;11;-0.335082776;0.086504218;-0.087410171;-0.093819931;-0.386964266
2;14;12;-0.267141651;0.096372045;-0.07373776;-0.061123847;-0.294429369
2;14;13;-0.24998613;0.078465202;-0.060627276;-0.079706587;-0.293563582
2;14;14;-0.39572475;0.199481032;-0.119908355;-0.061349779;-0.440634582
2;14;15;-0.347362716;0.125955238;-0.124371744;0.000537367;-0.349122884
2;14;16;-0.225041891;0.078402039;-0.074541985;-0.017188425;-0.268442496
2;14;17;-0.216341802;0.059835227;-0.043371535;-0.097830834;-0.246001171
2;14;18;-0.306386162;-0.026353298;-0.066488379;-0.123807217;-0.308670721
2;14;19;-0.180016462;-0.04598276;-0.019990934;-0.126079304;-0.165732077
2;14;20;-0.371843424;0.055868252;-0.085544748;-0.138224979;-0.313013752
2;14;21;-0.384436025;0.116262241;-0.097187982;-0.121458441;-0.294758439
2;14;22;-0.087125254;-0.063754738;0.000560243;-0.093301961;-0.085795305
2;14;23;-7.11E-05;-0.134260302;0.055119136;-0.153667313;-0.00178298
2;14;24;0.098854215;-0.149161051;0.078016157;-0.11319255;0.14064425
2;14;25;0.022863274;-0.06615088;0.041176112;-0.088685982;0.079444552
2;14;26;0.008384558;-0.136184044;0.033130207;-0.08254924;0.081982952
2;14;27;0.108146274;-0.152990055;0.05608141;-0.047511438;0.157649292
2;14;28;0.041648865;-0.088760916;0.026053053;-0.031792152;0.086592315
2;14;29;0.129230844;-0.100723644;0.031764551;0.041233645;0.158470524
2;14;30;0.039060221;-0.051178974;-0.032522964;0.125413731;0.098353504
2;14;31;-0.055824147;-0.004941043;-0.051725561;0.084818723;-0.068435734
2;14;32;-0.092619635;0.016385374;-0.057088824;0.064789626;-0.136388458
2;14;33;-0.030282841;-0.048555832;-0.016232215;0.013402447;-0.022507931
2;14;34;-0.083620512;0.030954961;-0.031880611;0.000686833;-0.057344095
2;14;35;-0.183720555;0.085811249;-0.072731771;0.01504932;-0.205924766
2;14;36;-0.29561553;0.081386987;-0.119288396;0.028685269;-0.274176089
2;14;37;-0.125335069;0.002413425;-0.080074237;0.088131098;-0.101766163
2;14;38;0.059075374;-0.01710198;-0.024609272;0.120063815;0.203376267
2;14;39;-0.079735883;0.009449915;-0.059040523;0.075172778;0.050978658
2;14;40;-0.288152746;0.147526116;-0.093098875;-0.035141955;-0.407207133
2;14;41;-0.258400955;0.074069084;-0.052941617;-0.112828429;-0.386427576
2;14;42;-0.572928941;0.208211099;-0.177434217;-0.096723681;-0.651777265
2;14;43;-0.315568352;0.138053336;-0.108497612;-0.023067354;-0.364128775
2;14;44;-0.631151914;0.132285864;-0.219723607;-0.065552405;-0.60670409
2;14;45;-0.688067996;0.162070463;-0.235407758;-0.075047051;-0.641263608
2;14;46;-0.437841992;0.080863313;-0.15469557;-0.008834233;-0.457620683
2;14;47;-0.473499808;-0.031861129;-0.128821043;-0.121125416;-0.565863741
2;15;0;-0.912320977;0.182292996;-0.293154954;-0.1684417;-1.244498754
2;15;1;0;0;0;0;0
2;15;2;-0.533780714;0.165959432;-0.184090953;-0.055064961;-0.688421595
2;15;3;0;0;0;0;0
2;15;4;-0.267979857;0.14333525;-0.095057365;-0.018916019;-0.231013381
2;15;5;0;0;0;0;0
2;15;6;-0.437108937;0.110703235;-0.098116809;-0.173498993;-0.504763394
2;15;7;0;0;0;0;0
2;15;8;-0.405640856;0.223632526;-0.150468517;0.008413409;-0.461152694
2;15;9;0;0;0;0;0
2;15;10;-0.22594953;0.078345516;-0.086660926;0.012268004;-0.209505676
2;15;11;0;0;0;0;0
2;15;12;-0.271662449;0.104713402;-0.081486315;-0.044658456;-0.282808106
2;15;13;0;0;0;0;0
2;15;14;-0.311298803;0.150207385;-0.100389368;-0.030867996;-0.305222336
2;15;15;0;0;0;0;0
2;15;16;-0.226126084;0.059763797;-0.032688673;-0.135732496;-0.268003036
2;15;17;0;0;0;0;0
2;15;18;-0.216353287;0.055979414;-0.045466897;-0.090184713;-0.236942878
2;15;19;0;0;0;0;0
2;15;20;-0.415560213;0.069873999;-0.094969977;-0.158012662;-0.313042748
2;15;21;0;0;0;0;0
2;15;22;-0.15538395;-0.019021714;-0.001030634;-0.154457292;-0.187604195
2;15;23;0;0;0;0;0
2;15;24;0.042380858;-0.102980042;0.055912363;-0.108233119;0.049898371
2;15;25;0;0;0;0;0
2;15;26;0.018675052;-0.095778492;0.04019919;-0.090392932;0.103215739
2;15;27;0;0;0;0;0
2;15;28;0.048259157;-0.09622648;0.037364318;-0.056613307;0.100312208
2;15;29;0;0;0;0;0
2;15;30;0.023330056;-0.107813843;0.035849929;-0.073118964;0.051980933
2;15;31;0;0;0;0;0
2;15;32;0.062850811;-0.071074156;0.05775571;-0.095555505;0.028632061
2;15;33;0;0;0;0;0
2;15;34;0.114136188;-0.04034508;0.042167322;-0.006104025;0.1191186
2;15;35;0;0;0;0;0
2;15;36;0.04370023;0.037066147;-0.010191198;0.076441439;0.098134168
2;15;37;0;0;0;0;0
2;15;38;0.313083276;0.021058274;0.060009605;0.145164642;0.511602634
2;15;39;0;0;0;0;0
2;15;40;0.052265814;-0.031299776;0.029601226;-0.029615848;0.018509451
2;15;41;0;0;0;0;0
2;15;42;-0.266938433;0.15029311;-0.079984044;-0.046294428;-0.304590872
2;15;43;0;0;0;0;0
2;15;44;-0.594809592;0.091997572;-0.177026909;-0.12464961;-0.620698139
2;15;45;0;0;0;0;0
2;15;46;-0.345253814;-0.030960541;-0.078800457;-0.127517629;-0.490299947
2;15;47;0;0;0;0;0
2;16;0;-1.58344338;0.636432831;-0.55711593;-0.254658171;-1.408196736
2;16;1;-1.121550532;0.617123851;-0.446721355;-0.022974142;-0.869484126
2;16;2;-0.528883644;0.143070056;-0.160469261;-0.10710473;-0.782023174
2;16;3;-0.369767016;-0.081805157;-0.098423321;-0.108521076;-0.516173075
2;16;4;-0.475161648;-0.054715941;-0.091761105;-0.235295592;-0.678387952
2;16;5;-0.421195727;0.051948395;-0.067701489;-0.242478231;-0.594441532
2;16;6;-0.802308523;0.132024572;-0.216022525;-0.242993878;-0.946691806
2;16;7;-0.565387871;0.256170995;-0.161178759;-0.125667026;-0.658068725
2;16;8;-0.438750659;0.22866804;-0.178474885;0.050643772;-0.438640936
2;16;9;-0.288917721;0.140318232;-0.125807687;0.062102242;-0.276446293
2;16;10;-0.719472364;0.365465646;-0.256506841;-0.036141528;-0.622296527
2;16;11;-0.535667496;0.28063125;-0.193406708;-0.015508679;-0.426725313
2;16;12;-0.467722084;0.105833271;-0.151649224;-0.054441501;-0.478718866
2;16;13;-0.337540183;0.136277822;-0.126223868;0.01205513;-0.346862065
2;16;14;-0.931911654;0.206000225;-0.342416208;-0.032005852;-0.482992018
2;16;15;-0.966147175;0.205448777;-0.33747328;-0.081739406;-0.521361133
2;16;16;-0.349066121;0.157862832;-0.088008081;-0.107429385;-0.434936976
2;16;17;-0.249494402;-0.054735618;-0.026367041;-0.175025325;-0.278451568
2;16;18;-0.171954697;-0.044891615;-0.043365282;-0.050870564;-0.159556146
2;16;19;-0.067345037;-0.107572351;0.008435795;-0.091267401;-0.088034424
2;16;20;-0.140650673;-0.029086865;-0.025304953;-0.075125667;-0.12853111
2;16;21;-0.00177597;-0.092838101;0.027307823;-0.081966944;0.03464755
2;16;22;-0.088156452;-0.013048475;-0.024561278;-0.01798945;-0.08022973
2;16;23;-0.008723337;-0.023345688;-0.004810619;0.014928343;0.060355666
2;16;24;-0.067980942;-0.012944838;-0.004869301;-0.046810289;-0.030995255
2;16;25;0.163100357;-0.025821057;0.028650489;0.084993739;0.276435004
2;16;26;-0.087296339;0.000595139;-0.043965896;0.03226882;0.08915401
2;16;27;-0.12763514;-0.070642455;-0.037064269;-0.029220259;0.030846096
2;16;28;-0.46273393;0.137591494;-0.128746363;-0.124172927;-0.290471962
2;16;29;-0.467736335;0.128966281;-0.123976924;-0.142944753;-0.27094257
2;16;30;-0.249396135;-0.105543545;-0.05176412;-0.111655997;0.01874232
2;16;31;-0.043863318;-0.101656858;0.003660928;-0.052560429;0.24494366
2;16;32;0.23769;-0.16063495;0.123992647;-0.099922268;0.232577497
2;16;33;0.478134725;-0.251356404;0.189123101;-0.039800481;0.518060124
2;16;34;0.263805497;-0.112263701;0.080635195;0.048555721;0.320337795
2;16;35;0.15801672;-0.164020697;0.055553145;0.008671352;0.203695088
2;16;36;0.192219293;-0.037053889;0.050193485;0.056482649;0.230965753
2;16;37;-0.056972002;-0.059080796;-0.011857061;-0.02419605;-0.103040788
2;16;38;0.141741373;-0.049817649;0.01488407;0.102548576;0.172395406
2;16;39;0.142540753;-0.038333202;0.038888662;0.042303878;0.174822422
2;16;40;-0.43609367;0.366005402;-0.149186555;-0.039715489;-0.309156554
2;16;41;-0.507425535;0.370355527;-0.168141955;-0.059330653;-0.399556045
2;16;42;-0.364076493;0.075100345;-0.110667473;-0.059728191;-0.469503275
2;16;43;-0.154421755;0.013791447;-0.043138152;-0.024011873;-0.193665911
2;16;44;-1.042303765;0.24933824;-0.338193152;-0.190744233;-0.827775033
2;16;45;-0.665419429;0.103292379;-0.211306714;-0.108795985;-0.640047364
2;16;46;-0.995345999;0.158507321;-0.298323875;-0.220153246;-0.950794013
2;16;47;-0.721512569;0.063307713;-0.200406064;-0.174773765;-0.842032898
2;17;0;-1.987744167;0.775245797;-0.754950986;-0.244452565;-1.427548991
2;17;1;0;0;0;0;0
2;17;2;-0.350653518;0.112240531;-0.099356606;-0.085588469;-0.517069602
2;17;3;0;0;0;0;0
2;17;4;-0.468418633;0.035274869;-0.121459964;-0.140126706;-0.622214854
2;17;5;0;0;0;0;0
2;17;6;-0.701777936;0.138049003;-0.208687024;-0.142461021;-0.80860453
2;17;7;0;0;0;0;0
2;17;8;-0.487984942;0.103837819;-0.133255404;-0.12018132;-0.585278225
2;17;9;0;0;0;0;0
2;17;10;-0.583512616;0.302664658;-0.20558933;-0.032351521;-0.488512549
2;17;11;0;0;0;0;0
2;17;12;-0.343888681;0.116048604;-0.107524449;-0.048472292;-0.331532115
2;17;13;0;0;0;0;0
2;17;14;-1.036704761;0.195838567;-0.391317693;-0.015792145;-0.569965835
2;17;15;0;0;0;0;0
2;17;16;-0.337352804;0.062707132;-0.07589793;-0.128789518;-0.398154423
2;17;17;0;0;0;0;0
2;17;18;-0.273609734;-0.005546437;-0.026953474;-0.198261658;-0.352691935
2;17;19;0;0;0;0;0
2;17;20;-0.200524198;0.001659468;-0.052988693;-0.055758021;-0.18490578
2;17;21;0;0;0;0;0
2;17;22;-0.132928709;-0.009801003;-0.043228914;-0.00536847;-0.063996053
2;17;23;0;0;0;0;0
2;17;24;-0.133541599;-0.012774544;0.019606383;-0.190249791;-0.177444173
2;17;25;0;0;0;0;0
2;17;26;-0.23394221;0.105874143;-0.069348453;-0.049085986;-0.094698179
2;17;27;0;0;0;0;0
2;17;28;-0.442649931;0.121871152;-0.121392079;-0.124139027;-0.271353367
2;17;29;0;0;0;0;0
2;17;30;-0.213794557;-0.105715231;-0.049519341;-0.087008191;0.067485172
2;17;31;0;0;0;0;0
2;17;32;0.342289428;-0.170652114;0.163292479;-0.098534121;0.356981128
2;17;33;0;0;0;0;0
2;17;34;0.29707816;-0.131369694;0.107341354;0.010183698;0.337512092
2;17;35;0;0;0;0;0
2;17;36;0.404647792;-0.165356093;0.109057395;0.097692095;0.488817989
2;17;37;0;0;0;0;0
2;17;38;0.107877491;-0.048240198;0.062451709;-0.05079318;0.10084908
2;17;39;0;0;0;0;0
2;17;40;-0.361126665;0.423097149;-0.235585779;0.235516464;-0.061379458
2;17;41;0;0;0;0;0
2;17;42;-0.043398003;0.114881503;-0.004283368;-0.023643322;-0.063284299
2;17;43;0;0;0;0;0
2;17;44;-0.258609356;0.034856268;-0.077376184;-0.054397959;-0.145042285
2;17;45;0;0;0;0;0
2;17;46;-0.392378529;0.059793196;-0.129800939;-0.028670485;-0.464203185
2;17;47;0;0;0;0;0
2;18;0;-1.446834514;0.413888513;-0.530867116;-0.159126862;-1.387981737
2;18;1;-0.555838868;0.270554729;-0.232237866;0.04965167;-0.576773341
2;18;2;-0.620350548;0.235290062;-0.213442979;-0.064605251;-0.749993616
2;18;3;-0.549243733;0.199786862;-0.159820707;-0.128804398;-0.687254277
2;18;4;-0.610723909;0.095844486;-0.19770175;-0.090836078;-0.734309901
2;18;5;-0.613786648;0.03919266;-0.183117392;-0.115672547;-0.747905468
2;18;6;-0.719889806;0.001636357;-0.199714987;-0.183116162;-0.919031421
2;18;7;-0.539508149;0.06206085;-0.108293972;-0.238094665;-0.732184902
2;18;8;-0.566213527;0.077847371;-0.139977735;-0.181042711;-0.643618159
2;18;9;-0.489713575;0.132482926;-0.132238183;-0.128870979;-0.510689995
2;18;10;-0.518194145;0.179848146;-0.128770368;-0.16694037;-0.616467476
2;18;11;-0.370227542;0.079170931;-0.080078406;-0.148678568;-0.401612058
2;18;12;-0.447081244;0.12191428;-0.128199773;-0.098023862;-0.459804598
2;18;13;-0.398152159;0.127189819;-0.119241002;-0.068094931;-0.390272449
2;18;14;-0.517989802;0.136730768;-0.17139597;-0.050204854;-0.487614121
2;18;15;-0.5790035;0.180634038;-0.172824738;-0.10827666;-0.561121556
2;18;16;-0.307651398;0.04300648;-0.046408503;-0.179328125;-0.369890379
2;18;17;-0.390052608;-0.039061675;-0.06169892;-0.218510063;-0.4535872
2;18;18;-0.270356012;-0.085129991;-0.032385843;-0.177549688;-0.326596407
2;18;19;-0.098222893;-0.126668393;0.020569856;-0.155262675;-0.102399496
2;18;20;-0.205469203;-0.082393757;-0.019068418;-0.154460903;-0.191469233
2;18;21;0.060152654;-0.079766386;0.039024792;-0.043173217;0.105364315
2;18;22;-0.203130221;0.032639035;-0.06013197;-0.033506914;-0.212091008
2;18;23;0.03117171;-0.029862694;0.013599388;-0.007281773;0.122102405
2;18;24;-0.915652537;0.205350575;-0.326141051;-0.101777707;-0.553264275
2;18;25;-0.432007912;0.087560003;-0.148677208;-0.047291697;-0.044568406
2;18;26;0.230285726;-0.163586128;0.098868975;-0.039763507;0.318940592
2;18;27;0.184765813;-0.168174356;0.081942591;-0.034518683;0.264766269
2;18;28;0.047527832;-0.163480044;0.058863106;-0.109101309;0.128653221
2;18;29;0.269380648;-0.233615558;0.127922249;-0.083356688;0.367451448
2;18;30;0.168817684;-0.168087854;0.097459489;-0.100930149;0.194505895
2;18;31;0.000946021;-0.08882669;0.050187525;-0.135573537;-0.007239029
2;18;32;0.116255189;-0.14325442;0.086912606;-0.114503747;0.08143158
2;18;33;0.217171338;-0.124759379;0.112548254;-0.08349567;0.258918814
2;18;34;-0.042148587;0.015241715;0.024008574;-0.106041457;-0.037327703
2;18;35;-0.069337115;-0.008595204;0.011387268;-0.099370065;-0.097681654
2;18;36;-0.052484335;0.015988252;-0.014761241;-0.016118588;-0.02119118
2;18;37;-0.154383118;-0.00286591;-0.02098728;-0.097024555;-0.151662495
2;18;38;0.265675259;-0.004685605;0.069819365;0.078665027;0.32389043
2;18;39;0.191514039;-0.083063528;0.078654553;-0.015082211;0.292568044
2;18;40;-0.075100782;0.147009254;0.010633008;-0.097915993;-0.13506055
2;18;41;-0.011414753;0.070919839;0.018272074;-0.062166499;-0.036100891
2;18;42;-0.071154457;0.118201323;-0.005137038;-0.047608416;-0.094359683
2;18;43;-0.494307773;0.053219992;-0.12745822;-0.16483912;-0.467997419
2;18;44;-0.30436679;-0.001006674;-0.066381809;-0.13549383;-0.337649137
2;18;45;-0.491501201;0.057001367;-0.127647466;-0.154260029;-0.476131258
2;18;46;-0.492254055;0.018881362;-0.120914389;-0.159284437;-0.536618664
2;18;47;-0.759043124;0.14130873;-0.233865425;-0.120066878;-0.75821689
2;19;0;-1.057415467;0.264419097;-0.431907068;0.003080273;-0.86400758
2;19;1;0;0;0;0;0
2;19;2;-0.288729203;0.187259534;-0.113723637;0.013112529;-0.313983083
2;19;3;0;0;0;0;0
2;19;4;-0.257199877;0.132605711;-0.111765078;0.043519353;-0.251906545
2;19;5;0;0;0;0;0
2;19;6;-0.6819336;-0.034224101;-0.189442164;-0.167180914;-0.877043553
2;19;7;0;0;0;0;0
2;19;8;-0.709258944;0.12708035;-0.147570941;-0.304494813;-0.871430465
2;19;9;0;0;0;0;0
2;19;10;-0.331580988;0.125117203;-0.07143453;-0.135182597;-0.415489119
2;19;11;0;0;0;0;0
2;19;12;-0.444433914;0.077053514;-0.128667828;-0.093503024;-0.459935921
2;19;13;0;0;0;0;0
2;19;14;-0.498696528;0.155334685;-0.14051206;-0.112946614;-0.460632375
2;19;15;0;0;0;0;0
2;19;16;-0.396081171;0.121585603;-0.07436245;-0.188107896;-0.438270048
2;19;17;0;0;0;0;0
2;19;18;-0.417263872;0.011117776;-0.078025119;-0.20122479;-0.493205378
2;19;19;0;0;0;0;0
2;19;20;-0.119430147;-0.056431505;0.009696463;-0.147802134;-0.107715454
2;19;21;0;0;0;0;0
2;19;22;-0.066067492;-0.017149743;-0.01055009;-0.036204753;-0.020569722
2;19;23;0;0;0;0;0
2;19;24;-0.655409331;0.190967817;-0.237315278;-0.048177282;-0.312347386
2;19;25;0;0;0;0;0
2;19;26;0.074857088;-0.090477585;0.056902704;-0.078337672;0.129662722
2;19;27;0;0;0;0;0
2;19;28;0.249881192;-0.188011584;0.114170982;-0.060631646;0.350153327
2;19;29;0;0;0;0;0
2;19;30;-0.078497207;-0.072122032;0.017731441;-0.127504197;-0.102065342
2;19;31;0;0;0;0;0
2;19;32;0.06402307;-0.10771437;0.056801862;-0.085109101;0.034408695
2;19;33;0;0;0;0;0
2;19;34;-0.096654587;0.061661028;0.010740338;-0.125547968;-0.096412873
2;19;35;0;0;0;0;0
2;19;36;-0.175211613;-0.012497001;-0.011741537;-0.144099749;-0.201826578
2;19;37;0;0;0;0;0
2;19;38;0.00270698;-0.025940179;0.03968493;-0.104029276;-0.014915195
2;19;39;0;0;0;0;0
2;19;40;-0.075975491;0.078832138;0.003782113;-0.087989087;-0.128424204
2;19;41;0;0;0;0;0
2;19;42;-0.275911002;0.10372512;-0.052999302;-0.128505182;-0.312624048
2;19;43;0;0;0;0;0
2;19;44;-0.135339654;-0.021653387;-0.023218114;-0.083704796;-0.163220512
2;19;45;0;0;0;0;0
2;19;46;-0.440655332;0.009059846;-0.115596211;-0.113319908;-0.407107078
2;19;47;0;0;0;0;0
2;20;0;-1.207112082;0.288463938;-0.556612387;0.121075828;-0.810347517
2;20;1;-0.634426863;0.106014354;-0.228979925;-0.046174943;-0.622090614
2;20;2;-0.523174627;0.196981683;-0.172595273;-0.073408874;-0.550092958
2;20;3;-0.28862779;0.167702996;-0.094283046;-0.03806464;-0.365638182
2;20;4;-1.177402641;0.555607519;-0.471070398;-0.022497332;-0.85621588
2;20;5;-1.059556399;0.454564043;-0.38778226;-0.069321447;-0.848874354
2;20;6;-0.685246891;-0.063532314;-0.170438905;-0.223075868;-0.926728353
2;20;7;-0.780490403;-0.054611796;-0.179101801;-0.292021468;-1.037472717
2;20;8;-0.722792521;0.00104082;-0.164199285;-0.272947542;-1.001403856
2;20;9;-0.427771924;0.051530597;-0.097570087;-0.158345336;-0.57179023
2;20;10;-0.444191259;0.109472831;-0.092091139;-0.191763339;-0.561722975
2;20;11;-0.334599608;0.081716347;-0.092306237;-0.083532346;-0.402142211
2;20;12;-0.388336322;0.093178871;-0.135126859;-0.020214992;-0.428297776
2;20;13;-0.37628499;0.103602161;-0.113806484;-0.06004663;-0.412887614
2;20;14;-0.555008781;0.169218517;-0.185324428;-0.049286376;-0.515114233
2;20;15;-0.591080119;0.210019168;-0.187557512;-0.084078609;-0.583829229
2;20;16;-0.626762508;0.171837737;-0.179773241;-0.13681818;-0.671084749
2;20;17;-0.667853025;0.139295656;-0.192727365;-0.143553286;-0.68695129
2;20;18;-0.600833854;0.135163124;-0.159916218;-0.166295747;-0.623715316
2;20;19;-0.148306315;-0.052855376;-0.001251072;-0.145360272;-0.131147248
2;20;20;-0.437019974;0.066207408;-0.106603468;-0.154670798;-0.446586536
2;20;21;-0.245290822;0.050837398;-0.060653706;-0.084220143;-0.200947217
2;20;22;-0.021415789;-0.054959228;-0.011061239;0.007652556;0.079996989
2;20;23;-0.135203764;-0.021257234;-0.024695721;-0.067783206;-0.086457102
2;20;24;-0.134394581;0.050297275;-0.036239649;-0.036688165;-0.089240461
2;20;25;0.118985496;-0.093541064;0.053652897;-0.023939948;0.158962782
2;20;26;-0.016190075;-0.068504416;0.030451067;-0.097005657;0.007943924
2;20;27;-0.084677249;-0.038498532;-0.000767128;-0.085379084;-0.060899068
2;20;28;0.050248858;-0.082937889;0.049923598;-0.083503557;0.100759326
2;20;29;0.127677122;-0.056647004;0.068743874;-0.059321021;0.16011822
2;20;30;0.150428628;-0.117027568;0.079673206;-0.065381099;0.168017931
2;20;31;0.086196277;-0.15162982;0.062309875;-0.077670109;0.089852968
2;20;32;-0.21519804;-0.023346683;-0.02972666;-0.135986879;-0.210606518
2;20;33;0.010425395;-0.055882514;0.008101798;-0.010537867;0.090506096
2;20;34;0.200219136;-0.110236698;0.08827647;-0.039010535;0.189390205
2;20;35;0.31713164;-0.231280389;0.140886569;-0.069952237;0.367295498
2;20;36;0.417119352;-0.134234351;0.131657629;0.050454477;0.47930547
2;20;37;0.248795185;-0.026339326;0.101136037;-0.031071407;0.290089993
2;20;38;0.122311921;-0.055882638;0.083132119;-0.107010698;0.115381779
2;20;39;0.051255692;-0.083511462;0.057851198;-0.110260117;-0.012133879
2;20;40;-0.102579395;0.083980632;0.01215546;-0.138234101;-0.180980519
2;20;41;-0.192669068;0.111187587;-0.038127922;-0.088055413;-0.283733779
2;20;42;-0.384866644;0.111899456;-0.095106974;-0.124030191;-0.513251992
2;20;43;-0.116243927;-0.012115078;-0.007219849;-0.096235742;-0.176784787
2;20;44;-0.354650061;0.024230448;-0.107596995;-0.108974366;-0.308472968
2;20;45;-0.323165805;0.041993431;-0.089586726;-0.100476343;-0.252301774
2;20;46;-0.57644464;0.083381556;-0.178240459;-0.083666887;-0.438508451
2;20;47;-1.074859915;0.208378162;-0.342467234;-0.159824944;-0.894947974
2;21;0;-1.546466515;0.120212354;-0.511453286;-0.317313604;-1.21938512
2;21;1;0;0;0;0;0
2;21;2;-0.652885386;0.218460749;-0.198761493;-0.13986683;-0.709423454
2;21;3;0;0;0;0;0
2;21;4;-1.185629553;0.537795602;-0.432021483;-0.110283267;-0.898279014
2;21;5;0;0;0;0;0
2;21;6;-0.676191588;0.093685241;-0.18912701;-0.165495354;-0.89599603
2;21;7;0;0;0;0;0
2;21;8;-0.544236289;0.026873685;-0.158167144;-0.10992708;-0.729356827
2;21;9;0;0;0;0;0
2;21;10;-0.357854528;0.077187751;-0.105086321;-0.064090229;-0.445048215
2;21;11;0;0;0;0;0
2;21;12;-0.384321514;0.072210494;-0.1302828;-0.019658961;-0.379208065
2;21;13;0;0;0;0;0
2;21;14;-0.480735539;0.085755154;-0.143415226;-0.084253333;-0.450842506
2;21;15;0;0;0;0;0
2;21;16;-0.711611195;0.203809039;-0.18026925;-0.228498058;-0.800209531
2;21;17;0;0;0;0;0
2;21;18;-0.378626801;0.058486182;-0.079795398;-0.162571413;-0.426573562
2;21;19;0;0;0;0;0
2;21;20;-0.523131876;0.098452232;-0.137420462;-0.159797787;-0.539203441
2;21;21;0;0;0;0;0
2;21;22;-0.196651635;-0.000285345;-0.036231444;-0.099695559;-0.169512396
2;21;23;0;0;0;0;0
2;21;24;-0.036297879;-0.008952781;0.011483861;-0.065947628;-0.018689928
2;21;25;0;0;0;0;0
2;21;26;-0.252728619;0.1081629;-0.058414679;-0.101201777;-0.293396744
2;21;27;0;0;0;0;0
2;21;28;0.000784416;-0.09308857;0.037382878;-0.099759485;-0.036453711
2;21;29;0;0;0;0;0
2;21;30;0.033353451;-0.106818419;0.042459068;-0.079658448;0.037227073
2;21;31;0;0;0;0;0
2;21;32;-0.169592808;-0.090311336;-0.014214714;-0.131233717;-0.163437013
2;21;33;0;0;0;0;0
2;21;34;0.304185272;-0.128419916;0.150046722;-0.105694504;0.298345026
2;21;35;0;0;0;0;0
2;21;36;0.156465489;-0.102085372;0.095436923;-0.103556425;0.153530988
2;21;37;0;0;0;0;0
2;21;38;0.339544176;-0.074940446;0.168156548;-0.130730891;0.335361302
2;21;39;0;0;0;0;0
2;21;40;0.087375749;-0.042959154;0.083105883;-0.143710136;0.004357593
2;21;41;0;0;0;0;0
2;21;42;-0.206983671;0.004273739;-0.03290496;-0.112318252;-0.307673444
2;21;43;0;0;0;0;0
2;21;44;0.014628405;-0.023932474;0.006945572;-0.025934067;-0.009762097
2;21;45;0;0;0;0;0
2;21;46;-0.90874743;0.157811536;-0.265226922;-0.174135596;-0.776067113
2;21;47;0;0;0;0;0
2;22;0;-2.736540932;0.672277952;-1.343350864;-0.060664615;-0.675796246
2;22;1;-2.225726473;0.994485087;-0.981038727;-0.107645251;-0.759484736
2;22;2;-0.180028246;-0.099348089;-0.016118491;-0.136732877;-0.517561531
2;22;3;0.129307531;-0.219685588;0.077702481;-0.091481071;-0.15952117
2;22;4;-0.656932639;0.19958687;-0.222693499;-0.067685749;-0.707629618
2;22;5;-0.730937531;0.254121474;-0.224011758;-0.13079374;-0.876298475
2;22;6;-0.509672706;0.20105815;-0.158966778;-0.075309703;-0.634408549
2;22;7;-0.407266784;0.03968195;-0.145702148;-0.01043519;-0.495661464
2;22;8;-0.619076608;0.162196593;-0.175200747;-0.138129858;-0.859631161
2;22;9;-0.58358824;-0.007932653;-0.173264685;-0.107697298;-0.790393639
2;22;10;-1.399026042;0.664375384;-0.49573915;-0.139194412;-1.283444479
2;22;11;-1.307099629;0.544553225;-0.473499859;-0.090737222;-1.143238191
2;22;12;-0.170315495;0.095884171;-0.065686582;0.017281154;-0.265275758
2;22;13;-0.209235601;0.04438106;-0.05841355;-0.042650796;-0.397873827
2;22;14;-0.525194827;0.108343771;-0.14713161;-0.120577261;-0.563577848
2;22;15;-0.443560713;0.091040202;-0.120370644;-0.112827444;-0.465155056
2;22;16;-0.359500475;0.020778435;-0.022214236;-0.298061468;-0.443647573
2;22;17;-0.208489551;-0.125828528;0.03132369;-0.293481255;-0.264975438
2;22;18;-1.205032982;0.338938669;-0.363528978;-0.326428844;-1.117064259
2;22;19;-0.904824583;0.371369662;-0.302716248;-0.138831382;-0.77828588
2;22;20;-0.141431404;-0.016192858;-0.033682085;-0.051241774;-0.127824249
2;22;21;-0.11869962;-0.035333662;-0.010006782;-0.093041088;-0.111671556
2;22;22;-0.59187952;0.140221344;-0.171449024;-0.148835594;-0.459158209
2;22;23;-0.481773005;0.22077237;-0.15125975;-0.091111165;-0.365636389
2;22;24;-0.203633375;-0.04876426;-0.033939131;-0.11305992;-0.206925454
2;22;25;-0.231124081;0.049803529;-0.040964983;-0.122204331;-0.271336701
2;22;26;-0.041891453;-0.084663337;0.039821084;-0.150076077;-0.079575347
2;22;27;0.113275761;-0.132653335;0.066542995;-0.067000284;0.128662151
2;22;28;-0.06294871;-0.127277986;0.020017565;-0.113110165;-0.07037342
2;22;29;0.162601542;-0.128466991;0.104348644;-0.117111761;0.138385485
2;22;30;0.234213235;-0.201269359;0.118189478;-0.083929361;0.301287113
2;22;31;0.173153912;-0.187902465;0.108936595;-0.116869091;0.201506023
2;22;32;0.002723345;-0.099396506;0.04086789;-0.104415371;0.032700702
2;22;33;0.061526893;-0.118322585;0.071027495;-0.130518706;0.067879206
2;22;34;0.175004373;-0.089287069;0.095340915;-0.084535822;0.149833775
2;22;35;0.152899508;-0.209880942;0.082950662;-0.069527551;0.139197453
2;22;36;0.154213437;-0.129769412;0.098816657;-0.116333016;0.14022006
2;22;37;-0.005119762;-0.066575049;0.041568781;-0.116657722;-0.057587754
2;22;38;0.033351247;-0.106177482;0.093261297;-0.219510321;-0.048143187
2;22;39;0.073049714;-0.148570687;0.098527658;-0.192174747;0.029176542
2;22;40;0.093507556;-0.094606352;0.118378749;-0.231599911;0.00818942
2;22;41;0.230946293;-0.106000589;0.092686459;-0.022638189;0.25446175
2;22;42;-0.10892855;-0.047733503;-0.016004849;-0.070142235;-0.31349312
2;22;43;-0.05862781;-0.041109569;0.001679584;-0.059787068;-0.258718932
2;22;44;-0.662900691;0.157749003;-0.327377427;0.144090793;-0.524548249
2;22;45;-0.778525923;0.203447801;-0.222246643;-0.172498303;-0.817372512
2;22;46;-0.638879886;0.06120004;-0.197929004;-0.083373265;-0.664233729
2;22;47;-0.868131023;0.120035797;-0.253778937;-0.169574973;-0.896124047
2;23;0;-3.07502128;0.444506437;-1.329225543;-0.421064277;-1.031129846
2;23;1;0;0;0;0;0
2;23;2;0.042293056;-0.187385903;0.060966097;-0.124032732;-0.337587916
2;23;3;0;0;0;0;0
2;23;4;-0.55562762;0.199886246;-0.165141957;-0.110360311;-0.652571436
2;23;5;0;0;0;0;0
2;23;6;-0.50707389;0.286564017;-0.197587177;0.024824434;-0.575980476
2;23;7;0;0;0;0;0
2;23;8;-0.855661731;0.297214738;-0.2646475;-0.157530848;-1.01807307
2;23;9;0;0;0;0;0
2;23;10;-1.581213241;0.758903028;-0.595229724;-0.116602362;-1.299222379
2;23;11;0;0;0;0;0
2;23;12;-0.271290097;0.088184252;-0.060269962;-0.101282098;-0.418792765
2;23;13;0;0;0;0;0
2;23;14;-0.470694177;0.096120315;-0.135370026;-0.090012225;-0.508400433
2;23;15;0;0;0;0;0
2;23;16;-0.292104821;-0.002966985;-0.008743436;-0.270756319;-0.380524209
2;23;17;0;0;0;0;0
2;23;18;-1.397133373;0.36728367;-0.410166186;-0.425048684;-1.326582558
2;23;19;0;0;0;0;0
2;23;20;-0.420245001;0.161619274;-0.158201573;-0.001454996;-0.449486919
2;23;21;0;0;0;0;0
2;23;22;-0.663103839;0.210462083;-0.185461206;-0.187579604;-0.54743396
2;23;23;0;0;0;0;0
2;23;24;-0.293812736;-0.053098294;-0.069338511;-0.108686818;-0.325825662
2;23;25;0;0;0;0;0
2;23;26;-0.30637148;0.091133621;-0.05560183;-0.158503028;-0.354956088
2;23;27;0;0;0;0;0
2;23;28;-0.035714007;-0.086060601;0.022614204;-0.085382273;-0.031981134
2;23;29;0;0;0;0;0
2;23;30;0.027212786;-0.121841859;0.068848202;-0.15373949;0.009781414
2;23;31;0;0;0;0;0
2;23;32;-0.151159644;-0.027203081;-0.001861628;-0.14848937;-0.178796863
2;23;33;0;0;0;0;0
2;23;34;-0.085745446;0.010886443;0.001301507;-0.088804388;-0.108000672
2;23;35;0;0;0;0;0
2;23;36;-0.114261894;-0.071949873;-0.00096171;-0.111077318;-0.183577365
2;23;37;0;0;0;0;0
2;23;38;-0.174943474;-0.084068229;0.008237267;-0.197288603;-0.324150815
2;23;39;0;0;0;0;0
2;23;40;0.069189648;-0.041434004;0.1216603;-0.257507279;0.00973823
2;23;41;0;0;0;0;0
2;23;42;0.243174387;-0.10433558;0.118915767;-0.089490096;0.120908977
2;23;43;0;0;0;0;0
2;23;44;-0.766690906;0.063024642;-0.216197601;-0.183613582;-0.843353147
2;23;45;0;0;0;0;0
2;23;46;-0.73459552;0.119778267;-0.224003291;-0.12970535;-0.871362178
2;23;47;0;0;0;0;0
2;24;0;-1.888249989;0.053146723;-0.605018978;-0.50234753;-1.10234873
2;24;1;-0.641001767;0.162772295;-0.237017763;-0.058718298;-0.343373221
2;24;2;-1.061111465;0.350433183;-0.392130608;-0.09023729;-0.662830472
2;24;3;-0.775307887;0.225076063;-0.284640713;-0.037593901;-0.616433965
2;24;4;-0.738307657;0.161127402;-0.195551906;-0.212957142;-0.824644484
2;24;5;-0.629236789;0.257133373;-0.177684174;-0.147208736;-0.805173185
2;24;6;-0.62280272;0.29815212;-0.180768864;-0.133437698;-0.731097534
2;24;7;-0.61710476;0.24766628;-0.176506022;-0.144536084;-0.727851818
2;24;8;-0.300727866;0.256668607;-0.080453908;-0.07886886;-0.430548348
2;24;9;-0.463560581;0.228179666;-0.154735663;-0.046200063;-0.512953489
2;24;10;-0.516628045;0.2413456;-0.237104563;0.111362432;-0.575016048
2;24;11;-0.342501007;0.058343394;-0.102543394;-0.057340338;-0.406600656
2;24;12;-0.524510927;0.00982217;-0.126973161;-0.172581113;-0.673532483
2;24;13;-0.46682087;0.092419186;-0.113993996;-0.149960071;-0.589987702
2;24;14;-0.649549857;0.079068656;-0.17776448;-0.164770766;-0.730187009
2;24;15;-0.513861422;0.121496567;-0.128298251;-0.159077563;-0.57913625
2;24;16;-0.771268291;0.186761188;-0.184174711;-0.282078712;-0.832641353
2;24;17;-0.312750403;-0.03522913;-0.001469669;-0.315585276;-0.32632349
2;24;18;-0.431237909;0.080406532;-0.07428064;-0.233032107;-0.485658499
2;24;19;-0.222304748;0.00514975;-0.008374936;-0.197382715;-0.237917461
2;24;20;-0.479081804;0.080177138;-0.097007282;-0.211282395;-0.492243109
2;24;21;-0.488847901;0.131083007;-0.119254972;-0.16540677;-0.522532371
2;24;22;-0.297846675;-0.035233301;-0.044117638;-0.173414223;-0.372774641
2;24;23;-0.14766819;-0.089184874;-0.008156646;-0.126785981;-0.174442218
2;24;24;-0.033685258;-0.070420642;0.034201151;-0.126046637;-0.023905891
2;24;25;-0.225467776;-0.010353401;-0.024794382;-0.156705017;-0.241552329
2;24;26;-1.18989373;0.397901325;-0.421086544;-0.137461196;-0.698090074
2;24;27;-1.137440883;0.399808383;-0.397714214;-0.140604324;-0.693887734
2;24;28;-0.164412166;-0.088648561;-0.01278688;-0.126242995;-0.168771799
2;24;29;-0.025963263;-0.119247763;0.025031612;-0.085171159;0.011932221
2;24;30;-0.320137099;0.005325468;-0.044084105;-0.201370881;-0.375555451
2;24;31;-0.157509579;-0.004057868;-0.039111185;-0.058418019;-0.137482945
2;24;32;-0.428714473;0.131994966;-0.125015341;-0.10566213;-0.253600972
2;24;33;-0.341032842;0.127768537;-0.08322816;-0.126205427;-0.200418391
2;24;34;0.772754283;-0.244529678;0.270853867;-0.031022574;0.863652866
2;24;35;0.738980824;-0.235154768;0.296099946;-0.145199062;0.833766953
2;24;36;-0.24831475;-0.051062489;-0.046612933;-0.124971452;-0.233367311
2;24;37;-0.328379071;-0.085945749;-0.064379587;-0.155574157;-0.353269068
2;24;38;-0.108285888;-0.05987069;0.030174227;-0.193938612;-0.207055981
2;24;39;-0.092075687;-0.057525723;0.04227989;-0.209640756;-0.173827566
2;24;40;0.023960639;-0.02245488;0.08615074;-0.210287681;-0.044252822
2;24;41;0.138945128;-0.085825142;0.099077751;-0.13005516;0.10899152
2;24;42;0.011826808;-0.005878642;0.021859528;-0.051984025;-0.017098332
2;24;43;-0.251970169;0.040559584;-0.128386105;0.078625152;-0.215704142
2;24;44;-0.532391132;0.047669716;-0.181826171;-0.054796115;-0.578810261
2;24;45;-0.726332031;0.145370367;-0.212227659;-0.161585579;-0.886669471
2;24;46;-1.227590298;0.402385341;-0.45038325;-0.081658264;-0.870508632
2;24;47;-1.224855352;0.373862272;-0.51995171;0.104683416;-0.74331484
2;25;0;-1.588245869;0.179282217;-0.527682196;-0.402940835;-0.651378292
2;25;1;0;0;0;0;0
2;25;2;-0.822236455;0.175447337;-0.254444962;-0.175089405;-0.563565811
2;25;3;0;0;0;0;0
2;25;4;-0.767200291;0.120039628;-0.225544488;-0.172153827;-0.778524098
2;25;5;0;0;0;0;0
2;25;6;-0.52575381;0.208398737;-0.139384023;-0.144694058;-0.66635802
2;25;7;0;0;0;0;0
2;25;8;-0.565375135;0.237108213;-0.147328907;-0.170356465;-0.78715395
2;25;9;0;0;0;0;0
2;25;10;-0.580202574;0.304942996;-0.219703054;-0.001803486;-0.636440033
2;25;11;0;0;0;0;0
2;25;12;-0.457889592;0.051412269;-0.114020223;-0.14632929;-0.58509771
2;25;13;0;0;0;0;0
2;25;14;-0.477237539;-0.037175574;-0.115519143;-0.163602148;-0.555177099
2;25;15;0;0;0;0;0
2;25;16;-0.432802367;0.098205387;-0.106066668;-0.142237523;-0.426587347
2;25;17;0;0;0;0;0
2;25;18;-0.328421906;0.116319177;-0.039351488;-0.217086959;-0.380233755
2;25;19;0;0;0;0;0
2;25;20;-1.041720562;0.148351994;-0.304532305;-0.258896574;-1.178898183
2;25;21;0;0;0;0;0
2;25;22;-0.511097308;0.046264589;-0.110593689;-0.207816156;-0.622476676
2;25;23;0;0;0;0;0
2;25;24;-0.319151165;0.009403184;-0.05583823;-0.165882445;-0.378897134
2;25;25;0;0;0;0;0
2;25;26;-1.294354886;0.425754479;-0.430444041;-0.214308585;-0.793416025
2;25;27;0;0;0;0;0
2;25;28;-0.39094207;-0.070056876;-0.075086386;-0.188513427;-0.471665738
2;25;29;0;0;0;0;0
2;25;30;-0.265028854;0.030260702;-0.038878603;-0.158793814;-0.282394738
2;25;31;0;0;0;0;0
2;25;32;-0.450836384;0.167068509;-0.122886282;-0.123927786;-0.324294194
2;25;33;0;0;0;0;0
2;25;34;0.645839044;-0.265909938;0.256657265;-0.118653975;0.748816472
2;25;35;0;0;0;0;0
2;25;36;-0.316059798;-0.063982237;-0.066928165;-0.136682067;-0.320087366
2;25;37;0;0;0;0;0
2;25;38;-0.152690205;-0.009534588;-0.008756933;-0.128809703;-0.202014251
2;25;39;0;0;0;0;0
2;25;40;-0.264718398;0.167836935;-0.049059953;-0.137416791;-0.396820817
2;25;41;0;0;0;0;0
2;25;42;-0.150646466;0.008423984;-0.038579295;-0.050383252;-0.174955446
2;25;43;0;0;0;0;0
2;25;44;-0.246231699;0.050753162;-0.081308097;-0.029356032;-0.317909394
2;25;45;0;0;0;0;0
2;25;46;-1.148205781;0.284718119;-0.394570663;-0.122593125;-0.928532846
2;25;47;0;0;0;0;0
2;26;0;-0.95865065;0.028409293;-0.281077035;-0.291519891;-0.535189567
2;26;1;-0.166259782;0.033472849;-0.074453934;0.010854716;-0.118070057
2;26;2;-1.731848833;0.836949777;-0.802426084;0.012381691;-0.239826648
2;26;3;-2.279340017;0.84412322;-0.927906883;-0.243526783;-0.734578959
2;26;4;NoGrowth;NoGrowth;NoGrowth;NoGrowth;NoGrowth
2;26;5;NoGrowth;NoGrowth;NoGrowth;NoGrowth;NoGrowth
2;26;6;-0.583175176;0.078878229;-0.141195735;-0.194751355;-0.723176575
2;26;7;-0.589325615;0.132895934;-0.169498568;-0.138582296;-0.715213712
2;26;8;-1.357002811;0.48024178;-0.453167444;-0.231322564;-1.075128166
2;26;9;-1.117791681;0.453216321;-0.362908159;-0.194609315;-0.939711273
2;26;10;-0.525308444;0.231138551;-0.136121821;-0.162416252;-0.708229234
2;26;11;-0.472204582;0.135380897;-0.1135299;-0.171189408;-0.575709667
2;26;12;-0.431381555;0.091232442;-0.090938121;-0.185734493;-0.540707165
2;26;13;-0.522890797;0.105246534;-0.126518561;-0.185686811;-0.731698154
2;26;14;-0.61208169;0.013916385;-0.139708836;-0.240725277;-0.801071336
2;26;15;-0.423622194;0.011576162;-0.090087096;-0.18201103;-0.528207465
2;26;16;-0.440080467;0.078275734;-0.080217045;-0.212966137;-0.609303228
2;26;17;-0.484357844;-0.001577868;-0.106689493;-0.186955081;-0.625407856
2;26;18;-1.058099201;0.287751739;-0.328506587;-0.208146981;-1.110195864
2;26;19;-0.854352088;0.247309967;-0.25419327;-0.201576157;-0.840645463
2;26;20;0.105678309;-0.147266258;0.093108318;-0.158264704;-0.103281272
2;26;21;-0.244940292;-0.103736229;-0.020383084;-0.19004865;-0.54897135
2;26;22;NoGrowth;NoGrowth;NoGrowth;NoGrowth;NoGrowth
2;26;23;NoGrowth;NoGrowth;NoGrowth;NoGrowth;NoGrowth
2;26;24;NoGrowth;NoGrowth;NoGrowth;NoGrowth;NoGrowth
2;26;25;NoGrowth;NoGrowth;NoGrowth;NoGrowth;NoGrowth
2;26;26;-0.172039068;0.043363786;-0.004615732;-0.158883065;-0.186267003
2;26;27;-0.40757678;0.082463055;-0.09006114;-0.168010647;-0.48355154
2;26;28;-0.390568016;0.017067837;-0.082674875;-0.173541619;-0.42676043
2;26;29;-0.646226126;0.070042155;-0.154064404;-0.24098308;-0.712557577
2;26;30;-0.474482476;-0.046058005;-0.060368892;-0.308021306;-0.66125652
2;26;31;-0.382696491;-0.030897259;-0.046130257;-0.251678408;-0.520088267
2;26;32;-0.687666921;0.118905542;-0.155157977;-0.267009252;-0.704212569
2;26;33;-0.686884082;0.105922689;-0.178713853;-0.18783581;-0.659464247
2;26;34;-0.468915822;0.024490517;-0.099377378;-0.176920384;-0.561322042
2;26;35;-0.59838496;0.132353623;-0.159385581;-0.157286547;-0.736437148
2;26;36;-0.563844535;0.108539451;-0.155733873;-0.13585829;-0.603689801
2;26;37;-0.183559741;0.038114578;-0.022145883;-0.123009788;-0.139501796
2;26;38;-0.264163531;0.062969286;-0.051099089;-0.122537546;-0.358872847
2;26;39;-0.180916814;0.014566863;-0.015836757;-0.128608959;-0.198371318
2;26;40;0.414780341;-0.252341403;0.176908364;-0.080333575;0.170439428
2;26;41;0.454786497;-0.347748325;0.196889005;-0.093168739;0.207481065
2;26;42;-0.479480133;0.000892209;-0.124503116;-0.150474672;-0.601039277
2;26;43;-0.456241841;0.068648816;-0.096115916;-0.191814996;-0.638547327
2;26;44;-0.330812122;0.141754992;-0.085243174;-0.091237298;-0.372427854
2;26;45;-0.535443494;0.116840235;-0.135129101;-0.167116471;-0.601472038
2;26;46;-0.76400846;0.062870244;-0.219608436;-0.162989212;-0.96169088
2;26;47;-0.884135618;0.128810267;-0.249179381;-0.201242296;-0.9566323
2;27;0;-0.533507529;-0.157048529;-0.199733044;-0.074514823;-0.29336085
2;27;1;0;0;0;0;0
2;27;2;-1.621925568;0.609666582;-0.72955946;-0.048526887;-0.194140076
2;27;3;0;0;0;0;0
2;27;4;NoGrowth;NoGrowth;NoGrowth;NoGrowth;NoGrowth
2;27;5;0;0;0;0;0
2;27;6;-0.435029743;0.008136294;-0.153942522;-0.007967899;-0.467475597
2;27;7;0;0;0;0;0
2;27;8;-1.276542499;0.401565047;-0.43122594;-0.204418875;-0.960829917
2;27;9;0;0;0;0;0
2;27;10;-0.572411212;0.24904216;-0.143465934;-0.192942016;-0.734453886
2;27;11;0;0;0;0;0
2;27;12;-0.630021311;0.179646076;-0.170742841;-0.182643889;-0.780117706
2;27;13;0;0;0;0;0
2;27;14;-0.603787019;0.037541166;-0.123583099;-0.277254292;-0.781720019
2;27;15;0;0;0;0;0
2;27;16;-0.38070291;0.00937796;-0.063867385;-0.21080462;-0.498219856
2;27;17;0;0;0;0;0
2;27;18;-0.903409736;0.201902636;-0.258828432;-0.232759774;-0.973145903
2;27;19;0;0;0;0;0
2;27;20;-0.108912085;-0.172054179;0.02235429;-0.172874719;-0.385213505
2;27;21;0;0;0;0;0
2;27;22;NoGrowth;NoGrowth;NoGrowth;NoGrowth;NoGrowth
2;27;23;0;0;0;0;0
2;27;24;NoGrowth;NoGrowth;NoGrowth;NoGrowth;NoGrowth
2;27;25;0;0;0;0;0
2;27;26;-0.407603194;-0.019063276;-0.089571575;-0.162382297;-0.481346725
2;27;27;0;0;0;0;0
2;27;28;-0.370902867;0.031269286;-0.086975241;-0.138565507;-0.371499333
2;27;29;0;0;0;0;0
2;27;30;-0.451869851;0.029342704;-0.063741427;-0.2745566;-0.645002786
2;27;31;0;0;0;0;0
2;27;32;-0.419471011;0.176870038;-0.136708599;-0.046263339;-0.335156
2;27;33;0;0;0;0;0
2;27;34;-0.499893078;0.011110749;-0.113913183;-0.187541484;-0.608094937
2;27;35;0;0;0;0;0
2;27;36;-0.558276554;0.132195195;-0.129774417;-0.197642631;-0.630432528
2;27;37;0;0;0;0;0
2;27;38;-0.278184712;0.133616868;-0.051769095;-0.148869067;-0.327498638
2;27;39;0;0;0;0;0
2;27;40;0.282556559;-0.185754318;0.146557862;-0.126538763;0.013778071
2;27;41;0;0;0;0;0
2;27;42;-0.237802034;0.098412719;-0.056958001;-0.073298931;-0.29307027
2;27;43;0;0;0;0;0
2;27;44;-0.449854775;0.245081697;-0.102791721;-0.175128161;-0.501205082
2;27;45;0;0;0;0;0
2;27;46;-0.570358366;-0.011116281;-0.144380137;-0.17427413;-0.84775627
2;27;47;0;0;0;0;0
2;28;0;-1.523348518;0.137872886;-0.719489107;-0.040539455;-0.285650151
2;28;1;-0.72491526;0.0454076;-0.284624963;-0.107319702;-0.208331704
2;28;2;-0.796006864;0.142892442;-0.28190859;-0.144139901;-0.221022436
2;28;3;-0.694695706;0.223385803;-0.269600586;-0.027882246;-0.220677763
2;28;4;-1.078947784;0.318417586;-0.441603273;-0.004074671;-0.417593881
2;28;5;-0.951393256;0.304366709;-0.390382178;0.046082277;-0.570376023
2;28;6;-0.598411465;0.15896908;-0.30443836;0.192736267;-0.389822634
2;28;7;-0.437361364;0.048633252;-0.176562735;0.023122899;-0.375982423
2;28;8;-0.590378142;0.002396179;-0.19938475;-0.076782371;-0.611814246
2;28;9;-0.474230938;0.058348731;-0.125753522;-0.139520182;-0.552927053
2;28;10;-0.690566992;0.206346361;-0.220482062;-0.12656008;-0.72367881
2;28;11;-0.755897026;0.188871639;-0.228303147;-0.179337969;-0.777627369
2;28;12;-0.374400341;0.144561893;-0.052063015;-0.235215685;-0.510068215
2;28;13;-0.301820743;0.130590721;-0.048807392;-0.167802339;-0.411117576
2;28;14;-0.44323651;0.099227642;-0.10763188;-0.166054084;-0.529842183
2;28;15;-0.409898309;0.094309516;-0.081642761;-0.198881526;-0.511096223
2;28;16;-0.404540813;0.121540435;-0.077576401;-0.204312658;-0.594960459
2;28;17;-0.536546232;0.111796243;-0.123336499;-0.22024618;-0.662462105
2;28;18;-0.475204641;-0.022194913;-0.10002553;-0.207633977;-0.594673573
2;28;19;-0.492690534;0.023362911;-0.109339955;-0.194944757;-0.637406758
2;28;20;-0.566312516;0.009111713;-0.139283929;-0.193282219;-0.671286974
2;28;21;-0.638953384;0.082223104;-0.180915628;-0.15927743;-0.706061878
2;28;22;-0.368296608;-0.051865977;-0.074871489;-0.160509065;-0.422702759
2;28;23;-0.502208696;-0.043448862;-0.113878012;-0.186735382;-0.599149887
2;28;24;-0.373011407;0.069800831;-0.093304911;-0.114357873;-0.423696897
2;28;25;-0.50582048;-0.013785985;-0.136711647;-0.133837209;-0.5871442
2;28;26;-0.721409423;0.048372643;-0.194203683;-0.195389986;-0.77305327
2;28;27;-0.641306158;0.066428716;-0.164022703;-0.190130521;-0.693094042
2;28;28;-0.210262804;-0.068626151;-0.035551454;-0.096654984;-0.31466181
2;28;29;-0.19937207;-0.007502383;-0.0219847;-0.134021929;-0.292793908
2;28;30;-0.541413112;0.071874445;-0.146971582;-0.13941488;-0.643854703
2;28;31;-0.548603263;0.085624802;-0.154599304;-0.131802529;-0.653465337
2;28;32;-0.367744605;0.007195863;-0.078228309;-0.167235501;-0.586787348
2;28;33;-0.294002542;0.022080844;-0.043434863;-0.187869883;-0.465440145
2;28;34;-0.523990262;0.03709587;-0.142165548;-0.148701462;-0.637760699
2;28;35;-0.274432434;0.014477883;-0.04067669;-0.168344318;-0.438929729
2;28;36;-0.639651434;0.084786601;-0.148565683;-0.234827573;-0.826800198
2;28;37;-0.42582811;0.098018216;-0.077370057;-0.217624775;-0.597232702
2;28;38;-0.479492556;0.280453509;-0.124748727;-0.183281204;-0.623336493
2;28;39;-0.589372815;0.289739769;-0.169905464;-0.181020539;-0.64588615
2;28;40;0.007046975;-0.052015828;0.030160248;-0.100517641;-0.188671281
2;28;41;0.195659265;-0.135015161;0.086249987;-0.04492417;0.126478334
2;28;42;-0.237420823;0.159565148;-0.079043133;-0.014902318;-0.295705163
2;28;43;-0.418173503;0.232919269;-0.134939265;-0.060580885;-0.54980872
2;28;44;-0.454521176;0.11280546;-0.131793393;-0.102163564;-0.637634371
2;28;45;-0.410633197;0.072650788;-0.128050694;-0.065000437;-0.575801736
2;28;46;-1.397127594;0.21380308;-0.51118024;-0.115105509;-1.061942938
2;28;47;-1.117631109;0.101067991;-0.358215877;-0.184659187;-0.896007281
2;29;0;-1.151376595;0.032726727;-0.48785971;-0.176602013;-0.301062134
2;29;1;0;0;0;0;0
2;29;2;-0.730387913;0.155548813;-0.28471627;-0.106667979;-0.210328459
2;29;3;0;0;0;0;0
2;29;4;-0.747315707;0.246568739;-0.307673127;-0.023057773;-0.2263535
2;29;5;0;0;0;0;0
2;29;6;-0.58389101;0.086191915;-0.203761846;-0.082662872;-0.364469527
2;29;7;0;0;0;0;0
2;29;8;-0.274755152;-0.051997892;-0.089514763;-0.044620488;-0.348354565
2;29;9;0;0;0;0;0
2;29;10;-0.842057809;0.32531143;-0.289400527;-0.128263816;-0.677683462
2;29;11;0;0;0;0;0
2;29;12;-0.412038411;0.10211553;-0.102445657;-0.151490994;-0.47742411
2;29;13;0;0;0;0;0
2;29;14;-0.508803103;0.133593247;-0.139420416;-0.160111675;-0.608901775
2;29;15;0;0;0;0;0
2;29;16;-0.255796891;0.137420325;-0.069576047;-0.075202957;-0.339631608
2;29;17;0;0;0;0;0
2;29;18;-0.431039064;0.039735298;-0.100277409;-0.167364467;-0.557184603
2;29;19;0;0;0;0;0
2;29;20;-0.640195847;0.081753108;-0.206349439;-0.107625239;-0.736017111
2;29;21;0;0;0;0;0
2;29;22;-0.432626375;0.047425506;-0.092541757;-0.190211131;-0.583988438
2;29;23;0;0;0;0;0
2;29;24;-0.388647252;0.132480454;-0.085662412;-0.162136067;-0.469148394
2;29;25;0;0;0;0;0
2;29;26;-1.157814307;0.324021216;-0.305868434;-0.36417649;-1.345997514
2;29;27;0;0;0;0;0
2;29;28;-0.222784157;-0.049396045;-0.068543954;-0.018426378;-0.314689439
2;29;29;0;0;0;0;0
2;29;30;-0.441483772;0.115569007;-0.151762097;-0.019114668;-0.524455082
2;29;31;0;0;0;0;0
2;29;32;-0.366675609;0.005917365;-0.054453989;-0.226535443;-0.605245963
2;29;33;0;0;0;0;0
2;29;34;-0.105012818;0.042920225;0.01200087;-0.14390336;-0.151490034
2;29;35;0;0;0;0;0
2;29;36;-0.363536089;-0.057578366;-0.101679871;-0.085511986;-0.460304741
2;29;37;0;0;0;0;0
2;29;38;-0.349638402;0.135911592;-0.088914656;-0.108491875;-0.496016695
2;29;39;0;0;0;0;0
2;29;40;0.2085738;-0.103445974;0.100889512;-0.072021588;0.102338598
2;29;41;0;0;0;0;0
2;29;42;-0.382169497;0.196800666;-0.115055543;-0.069304728;-0.482575531
2;29;43;0;0;0;0;0
2;29;44;-0.606192283;0.042428472;-0.179049966;-0.123521273;-0.775089542
2;29;45;0;0;0;0;0
2;29;46;-0.979314718;0.074706981;-0.304286153;-0.177171257;-0.927544208
2;29;47;0;0;0;0;0
2;30;0;-1.131916571;0.047496308;-0.476770839;-0.183186522;-0.294977338
2;30;1;-0.791812187;0.071135799;-0.34833297;-0.081826251;-0.151858991
2;30;2;-0.706151669;0.460800476;-0.802208341;0.827402966;0.641132035
2;30;3;-0.41998269;0.161459436;-0.185339953;-0.031052486;-0.08815101
2;30;4;-0.335375376;0.0486598;-0.130544993;-0.064312013;-0.122226715
2;30;5;-0.098031133;0.09387624;-0.062872067;0.018882286;0.021661181
2;30;6;-0.371842349;-0.037029281;-0.072535229;-0.213696607;-0.315422016
2;30;7;-0.443756049;-0.037188442;-0.086421476;-0.244960258;-0.413307236
2;30;8;-0.523410997;0.000977808;-0.149536547;-0.153072387;-0.43622177
2;30;9;-0.315929493;-0.027100247;-0.127892752;0.00712327;-0.249301008
2;30;10;-0.59559806;0.166722471;-0.209078759;-0.07477613;-0.476756149
2;30;11;0.010770149;0.0510604;-0.017172112;0.059803825;0.060959765
2;30;12;-0.295328912;0.086426832;-0.1333954;0.046778729;-0.256537279
2;30;13;-0.310930766;0.197964892;-0.164321769;0.104663096;-0.190912761
2;30;14;-0.338177329;0.219132478;-0.138968897;0.015919706;-0.261464251
2;30;15;-0.403899071;0.249783745;-0.209492352;0.124873876;-0.274455809
2;30;16;-0.454588324;0.255839665;-0.179976608;0.008281347;-0.417118195
2;30;17;-0.44038041;0.16902053;-0.195231919;0.060103672;-0.376111697
2;30;18;-0.875372616;0.177822729;-0.255983382;-0.234396041;-0.983613817
2;30;19;-0.260823491;0.028289371;-0.102670207;-0.002553258;-0.251056355
2;30;20;-0.632064869;0.101496171;-0.207871929;-0.112642891;-0.633358477
2;30;21;-0.54813442;0.122932566;-0.177635442;-0.100838272;-0.543197552
2;30;22;-0.499782107;0.063542643;-0.128482079;-0.168673273;-0.652719928
2;30;23;-0.364102444;-0.003388852;-0.090776824;-0.123624875;-0.450393854
2;30;24;-0.711160959;0.276184452;-0.204888248;-0.189341212;-0.676105171
2;30;25;-0.67108641;0.191939225;-0.202654355;-0.152454246;-0.578046081
2;30;26;NoGrowth;NoGrowth;NoGrowth;NoGrowth;NoGrowth
2;30;27;NoGrowth;NoGrowth;NoGrowth;NoGrowth;NoGrowth
2;30;28;-0.717697981;0.213908957;-0.234652264;-0.104113931;-0.923997399
2;30;29;-0.273860237;0.177588535;-0.128191434;0.067785746;-0.338432367
2;30;30;-0.227378461;0.046732476;-0.093208971;0.02834749;-0.37214995
2;30;31;-0.589199124;0.125643844;-0.209702169;-0.043292883;-0.718384093
2;30;32;-0.690497383;0.038698152;-0.156424288;-0.281793756;-0.912484335
2;30;33;-0.549853548;-0.004562314;-0.106340768;-0.261232437;-0.736002133
2;30;34;-0.267635601;-0.05968458;-0.062796307;-0.094713267;-0.398705109
2;30;35;-0.024591585;-0.009093208;-0.052618478;0.11982067;-0.054075149
2;30;36;-0.424149821;0.013876246;-0.161605761;0.025715416;-0.516296485
2;30;37;-0.482034232;0.051569821;-0.142671083;-0.083213537;-0.657553168
2;30;38;-0.787569116;0.207972043;-0.254134853;-0.087204984;-1.029922036
2;30;39;-0.662611815;0.225393019;-0.208417659;-0.062938247;-0.867797418
2;30;40;-0.679201657;0.15332211;-0.191554306;-0.125711767;-0.935099777
2;30;41;-0.744961576;0.242907954;-0.201497765;-0.185507145;-0.969495311
2;30;42;-0.895674051;0.163959977;-0.244266197;-0.234492983;-1.107888666
2;30;43;-1.019774045;0.326231207;-0.315847971;-0.177561266;-1.05156367
2;30;44;-0.8820243;0.093283232;-0.274411494;-0.137136828;-1.034148946
2;30;45;-0.538151748;0.133866976;-0.166149961;-0.071302982;-0.565546796
2;30;46;-1.330997913;0.041016225;-0.399264908;-0.298168935;-1.16838272
2;30;47;-1.189505176;-0.012021619;-0.370805563;-0.256606898;-0.95914988
2;31;0;-0.470599429;-0.472420829;-0.1075566;-0.23982651;-0.539825679
2;31;1;0;0;0;0;0
2;31;2;-0.548915582;0.104358489;-0.236428336;-0.049849469;-0.100713402
2;31;3;0;0;0;0;0
2;31;4;-0.415129933;0.100474226;-0.215687984;0.035503922;-0.010549472
2;31;5;0;0;0;0;0
2;31;6;-0.553635146;0.072328077;-0.198763687;-0.153085866;-0.232661838
2;31;7;0;0;0;0;0
2;31;8;-0.564844203;0.139801562;-0.197868513;-0.082677817;-0.31112363
2;31;9;0;0;0;0;0
2;31;10;-0.473067162;0.183304691;-0.126871039;-0.144711566;-0.278990228
2;31;11;0;0;0;0;0
2;31;12;-0.356113012;0.027383847;-0.09884532;-0.092338229;-0.326384442
2;31;13;0;0;0;0;0
2;31;14;-0.579820682;0.130639814;-0.215861234;-0.038942289;-0.60597491
2;31;15;0;0;0;0;0
2;31;16;-0.492980704;0.281852508;-0.197495854;0.014530378;-0.506306906
2;31;17;0;0;0;0;0
2;31;18;-0.27113146;0.075911602;-0.121548939;0.040008749;-0.222431783
2;31;19;0;0;0;0;0
2;31;20;-0.766715673;0.199017595;-0.258025058;-0.129903163;-0.705742148
2;31;21;0;0;0;0;0
2;31;22;-0.370102735;-0.04384952;-0.118548396;-0.062123482;-0.489986311
2;31;23;0;0;0;0;0
2;31;24;-0.56143886;0.211869126;-0.165184752;-0.13549232;-0.431553383
2;31;25;0;0;0;0;0
2;31;26;NoGrowth;NoGrowth;NoGrowth;NoGrowth;NoGrowth
2;31;27;0;0;0;0;0
2;31;28;-0.478649513;0.19358064;-0.165558125;-0.047914475;-0.560615761
2;31;29;0;0;0;0;0
2;31;30;-0.201771672;0.145388773;-0.091981381;0.039993116;-0.215520556
2;31;31;0;0;0;0;0
2;31;32;-0.548093672;0.068900682;-0.157123593;-0.137649242;-0.679750985
2;31;33;0;0;0;0;0
2;31;34;0.01553246;0.061329416;-0.088222964;0.25183912;0.112168056
2;31;35;0;0;0;0;0
2;31;36;-0.321034047;0.156709173;-0.212777292;0.270349729;-0.320169118
2;31;37;0;0;0;0;0
2;31;38;-0.975436821;0.246359076;-0.306676597;-0.155006079;-1.173322166
2;31;39;0;0;0;0;0
2;31;40;-0.826518024;0.225286772;-0.255310366;-0.118985612;-1.074927
2;31;41;0;0;0;0;0
2;31;42;-0.972800474;0.230400389;-0.310022006;-0.133611972;-1.094818756
2;31;43;0;0;0;0;0
2;31;44;-0.644171737;0.118970555;-0.214904295;-0.043171924;-0.824328368
2;31;45;0;0;0;0;0
2;31;46;-1.063712869;0.042163496;-0.321372958;-0.228155161;-1.039842113
2;31;47;0;0;0;0;0